Workbook
Name DM_ma_loai_PA: 'Phương án'!$A$3:$A$30
Name dm_quocgia: 'DM Quốc tịch'!$B$2:$B$241
Name dmhuyen: Huyen!$C:$C
Name dmtinh: Tinhcu!$B$2:$B$65
Name dmtinh: Tinh!$B$2:$B$36
Name dmxa: Xa!$D:$D
Name gioitinh: 'Giới tính'!$A$1:$A$2
Name huong_BHYT: 'DM Mức hưởng BHYT'!$A$2:$A$6
Name huongbhyt: 'DM Mức hưởng BHYT'!$A$2:$A$6
Name loaipa: 'Loại PA'!$B$2:$B$6
Name Loc_trung_huyen: Huyen!$D$2:$D$3322
Name Loc_trung_xa: Xa!$E$2:$E$10039
Name Ma_PA: 'Phương án'!$B$3:$B$30
Name ma_quocgia: 'DM Quốc tịch'!$A:$A
Name ma_tinhxa: Xa!$A:$A
Name mabenhvien: KCB!$B:$B
Name madantoc: 'Dân tộc'!$A$2:$A$57
Name madmhuyen: Huyen!$B:$B
Name magt: GioiTinh!$A$2:$A$3
Name magioitinh: GioiTinh!$A:$A
Name mahuong: 'DM Mức hưởng BHYT'!$A$2:$A$6
Name mahuyen: Huyen!$B$2:$B$3322
Name mahuyen_xa: Xa!$B:$B
Name mahuyenxa: Xa!$B:$B
Name maloaipa: 'Loại PA'!$A$2:$A$6
Name mamoiquanhe: 'Mối quan hệ'!$A$2:$A$24
Name maquocgia: 'DM Quốc tịch'!$A$2:$A$241
Name maquoctich: 'DM Quốc tịch'!$A$47:$A$241
Name matinh: Tinhcu!$A$2:$A$65
Name matinh: Tinh!$A$2:$A$36
Name matinh_huyen: Huyen!$A:$A
Name matinhbenhvien: KCB!$A:$A
Name Matinhcu: Tinhcu!$A$2:$A$64
Name matinhhuyen: Huyen!$A:$A
Name maxa: Xa!$C$2:$C$10039
Name moiquanhe: 'Mối quan hệ'!$B$2:$B$24
Name muchuong: 'DM Mức hưởng BHYT'!$1:$1048576
Name muchuongbhxh: 'DM Mức hưởng BHYT'!$B$2:$B$6
Name Ten_PA: 'Phương án'!$C$3:$C$30
Name ten_tinh: Tinhcu!$B$2:$B$66
Name ten_tinh: Tinh!$B$2:$B$37
Name tenbenhvien: KCB!$C:$C
Name tendantoc: 'Dân tộc'!$B$2:$B$57
Name tenphuongan: 'Phương án'!$C$3:$C$30
Name tenquocgia: 'DM Quốc tịch'!$B:$B
Name tentinh: Tinhcu!$B$2:$B$65
Name tentinh: Tinh!$B$2:$B$36
Name Tentinhcu: Tinhcu!$B$2:$B$64
Name tengioitinh: GioiTinh!$B:$B
Name true_false: Sheet1!$A$1:$A$2
Name Ma_Tinh: '[1]Danh mục'!$G$3:$G$65

Sheet DuLieu
A1: DANH SÁCH LAO ĐỘNG THAM GIA BHXH, BHYT, BHTN, BHTNLĐ, BNN (Mẫu D02-LT TK1) Các ô chữ màu đỏ là các thông tin bắt buộc | BA1: Chọn xuất TK1-TS đối với các phương án TM, TD, TC, TH | CC1: NLĐ chưa có mã số BHXH nhập thông tin phụ lục hộ gia đình
A2: STT | B2: Họ và tên | C2: Mã số BHXH | D2: Loại phương án | E2: Mã loại PA | F2: Loại ngày sinh | G2: Ngày Sinh | H2: Giới tính | I2: Số CMND/ CCCD/Hộ chiếu | J2: Cấp bậc, chức vụ, chức danh nghề | K2: Phòng ban làm việc | L2: Nơi Làm Việc | M2: Tiền đồng | P2: Hệ số lương | T2: Phương án điều chỉnh | U2: Mã PA | V2: Tháng/ năm bắt đầu | W2: Tháng/ năm kết thúc | X2: Nghỉ ốm đau/Thai sản/không lương | Z2: Ghi chú | AA2: Số sổ BHXH | AB2: Mức hưởng BHYT | AC2: Tỷ lệ đóng (%) | AD2: Mã vùng sinh sống | AE2: Mã vùng lương tối thiểu | AF2: Có giảm chết | AG2: Ngày chết | AH2: Tính lãi | AI2: Nhóm vị trí việc làm | AJ2: Ngày bắt đầu giữ vị trí | AK2: Ngày kết thúc giữ vị trí | AL2: Hợp đồng lao động | AO2: Ngành nghề nặng nhọc, độc hại | AQ2: Hợp đồng lao động | AS2: Quốc tịch | AT2: Mã QT | AU2: Dân tộc | AV2: Mã DT | AW2: Tỉnh ngân hàng | AX2: Mã tỉnh | AY2: Ngân hàng | AZ2: Mã ngân hàng | BA2: Điện thoại liên hệ | BB2: Email liên hệ | BC2: Thông tin đăng ký khai sinh | BH2: Thông tin địa chỉ nhận hồ sơ | BM2: Nơi đăng ký khám chữa bệnh ban đầu | BQ2: Đăng ký nhận sổ và thẻ | BR2: Địa chỉ nhận Sổ, thẻ | BW2: Mức tiền đóng | BX2: Phương thức đóng | BY2: Nội dung thay đổi | BZ2: Hồ sơ kèm theo | CA2: Họ tên người giám hộ | CB2: Mã số hộ gia đình | CC2: Thông tin chủ hộ | CT2: Phụ lục gia đình
M3: Mức lương | N3: Phụ cấp lương | O3: Các khoản bổ sung | P3: Hệ số | Q3: Phụ cấp CV | R3: Phụ cấp TNVK (%) | S3: Phụ cấp TN nghề (%) | X3: Từ ngày | Y3: Đến ngày | AL3: Loại HĐLĐ | AM3: Hiệu lực từ ngày | AN3: Hiệu lực đến ngày | AO3: Ngày bắt đầu | AP3: Ngày kết thúc | AQ3: Số | AR3: Ngày ký | BC3: Tỉnh / Thành phố | BD3: Mã Tỉnh | BE3: Phường/ Xã | BF3: Mã xã | BG3: Địa chỉ khai sinh | BH3: Tỉnh / Thành phố | BI3: Mã Tỉnh | BJ3: Phường/ Xã | BK3: Mã xã | BL3: Địa chỉ nhận hồ sơ | BM3: Tỉnh nơi KCB | BN3: Mã tỉnh | BO3: Nơi đăng ký KCB | BP3: Mã BV | BR3: Tỉnh / Thành phố | BS3: Mã Tỉnh | BT3: Phường/ Xã | BU3: Mã Xã | BV3: Địa chỉ nhận Sổ thẻ | CC3: Họ Tên chủ hộ | CD3: Số CMND/ CCCD/Hộ chiếu | CE3: Điện thoại | CF3: Loại giấy tờ | CG3: Số giấy tờ | CH3: Tỉnh / Thành phố | CI3: Mã Tỉnh | CJ3: Phường/ Xã | CK3: Mã xã | CL3: Tổ/ Thôn/ Xóm | CM3: Địa chỉ hộ khẩu | CN3: Tỉnh / Thành phố thường trú | CO3: Mã Tỉnh | CP3: Phường/ Xã thường trú | CQ3: Mã xã | CR3: Địa chỉ thường trú | CS3: Mã số hộ gia đình | CT3: Họ và tên | CU3: Mã số BHXH | CV3: Loại ngày sinh | CW3: Ngày sinh | CX3: Giới tính | CY3: Quốc tịch | CZ3: Mã Quốc tịch | DA3: Dân tộc | DB3: Mã Dân tộc | DC3: Số CMND | DD3: Mối quan hệ với chủ hộ | DE3: Mã MQH | DF3: Tỉnh / Thành phố | DG3: Mã Tỉnh | DH3: Phường/ Xã | DI3: Mã xã | DJ3: Địa chỉ khai sinh | DK3: Người tham gia | DL3: Ghi chú
A4: STT | B4: HoTen | C4: MaSoBhxh | E4: LoaiHoSo | F4: ChiCoNamSinh | G4: NgaySinh | H4: GioiTinh | I4: Cmnd | J4: ChucVu | K4: MaPhongBan | L4: NoiLamViec | M4: TienLuong | N4: PhuCapLuong | O4: PhuCapBoSung | P4: Heso | Q4: PhuCapChucVu | R4: PhuCapThamNienVuotKhung | S4: PhuCapThamNienNghe | U4: PhuongAnId | V4: TuThang | W4: DenThang | X4: Tungay | Y4: Denngay | Z4: GhiChu | AA4: SoSoBHXH | AB4: MucHuongBaoHiemYTe | AC4: TyleDong | AD4: MaVungSinhSong | AE4: VungLuongToiThieuId | AF4: CoGiamChet | AG4: NgayChet | AH4: TinhLai | AI4: NhomChucVu | AJ4: TuNgayChucVu | AK4: DenNgayChucVu | AL4: LoaiHDLD | AM4: TuNgayHDLD | AN4: DenNgayHDLD | AO4: TuNgayDocHai | AP4: DenNgayDocHai | AQ4: SoHDLD | AR4: NgayKy | AT4: QuocTichId | AV4: DanTocId | AW4: TenTinh_NH | AX4: MaTinh_NH | AY4: TenNganHang | AZ4: MaNganHang | BA4: DienThoaiLienHe | BB4: Email | BD4: KhaiSinhTinhId | BF4: KhaiSinhXaId | BG4: DiaChiKhaiSinh | BI4: NoiNhanTinhId | BK4: NoiNhanXaId | BL4: NoiNhanDiaChiChiTiet | BN4: BenhVienTinhId | BP4: BenhVienId | BQ4: DangKyNhanSoThe | BS4: TinhNhanBanGiayId | BU4: XaNhanBanGiayId | BV4: DiaChiNhanBanGiay | BW4: MucDongTk01 | BX4: PhuongThucTk1 | BY4: NoiDungThayDoi | BZ4: HoSoKemTheo | CA4: HoTenNguoiGiamHo | CB4: MaHoGiaDinh | CC4: HoTenChuHo | CD4: CmndChuHo | CE4: DienThoaiChuHo | CF4: LoaiGiayToId | CG4: SoGiayTo | CI4: ChuHoTinhId | CK4: ChuHoXaId | CL4: ChuHoThonId | CM4: DiaChiHoKhau | CN4: ThuonTruChuHoTinh | CO4: TinhThuongTruChuHoId | CP4: ThuongTruChuHoXa | CQ4: XaThuongTruChuHoId | CR4: DiaChiThuongTruChuHo | CS4: MaSoHoGiaDinh | CT4: HoTen_TV | CU4: MaSoBhxh_TV | CV4: ChiCoNamSinh_TV | CW4: NgaySinh_TV | CX4: GioiTinh_TV | CZ4: QuocTich_TV | DB4: DanToc_TV | DC4: Cmnd_TV | DE4: MoiQuanHe_TV | DG4: KhaiSinhTinhId_TV | DI4: KhaiSinhXaId_TV | DJ4: DiaChiKhaiSinh_TV | DK4: LaNguoiThamGia_TV | DL4: GhiChu_TV | DM4: KEY_D02TS_TK01595_01082020
E5: =IF(ISBLANK(D5),"",INDEX(maloaipa,MATCH(D5,loaipa,0))) | U5: =IF(ISBLANK(T5),"",INDEX(Ma_PA,MATCH(T5,'Phương án'!$C$3:C31,0))) | AT5: =IF(ISBLANK(AS5),"",INDEX(maquocgia,MATCH(AS5,dm_quocgia,0))) | AV5: =IF(ISBLANK(AU5),"",INDEX(madantoc,MATCH(AU5,tendantoc,0))) | AX5: {=IFERROR(INDEX(Tinh!A:A,MATCH(TRIM(AW5),Tinh!B:B,0)),"")} | AZ5: {=IFERROR(INDEX('Ngân Hàng'!B:B,MATCH(AY5,'Ngân Hàng'!C:C,0)),"")} | BD5: =IF(ISBLANK(BC5),"",INDEX(matinh,MATCH(BC5,ten_tinh,0))) | BF5: =IF(ISBLANK(BE5),"",INDEX(mahuyen,MATCH(CONCATENATE(BD5,"-",BE5),Loc_trung_huyen,0))) | BI5: =IF(ISBLANK(BH5),"",INDEX(matinh,MATCH(BH5,ten_tinh,0))) | BK5: =IF(ISBLANK(BJ5),"",INDEX(mahuyen,MATCH(CONCATENATE(BI5,"-",BJ5),Loc_trung_huyen,0))) | BN5: =IF(ISBLANK(BM5),"",INDEX(matinh,MATCH(BM5,ten_tinh,0))) | BP5: {=IF(ISBLANK(BO5),"",INDEX(mabenhvien,MATCH(BO5&BN5,tenbenhvien&matinhbenhvien,0)))} | BS5: =IF(ISBLANK(BR5),"",INDEX(matinh,MATCH(BR5,ten_tinh,0))) | BU5: =IF(ISBLANK(BT5),"",INDEX(mahuyen,MATCH(CONCATENATE(BS5,"-",BT5),Loc_trung_huyen,0))) | CI5: =IF(ISBLANK(CH5),"",INDEX(matinh,MATCH(CH5,ten_tinh,0))) | CK5: =IF(ISBLANK(CJ5),"",INDEX(mahuyen,MATCH(CONCATENATE(CI5,"-",CJ5),Loc_trung_huyen,0))) | CO5: =IF(ISBLANK(CN5),"",INDEX(matinh,MATCH(CN5,ten_tinh,0))) | CQ5: =IF(ISBLANK(CP5),"",INDEX(mahuyen,MATCH(CONCATENATE(CO5,"-",CP5),Loc_trung_huyen,0))) | CZ5: =IF(ISBLANK(CY5),"",INDEX(maquocgia,MATCH(CY5,dm_quocgia,0))) | DB5: =IF(ISBLANK(DA5),"",INDEX(madantoc,MATCH(DA5,tendantoc,0))) | DE5: =IF(ISBLANK(DD5),"",INDEX(mamoiquanhe,MATCH(DD5,moiquanhe,0))) | DG5: =IF(ISBLANK(DF5),"",INDEX(matinh,MATCH(DF5,ten_tinh,0))) | DI5: =IF(ISBLANK(DH5),"",INDEX(mahuyen,MATCH(CONCATENATE(DG5,"-",DH5),Loc_trung_huyen,0)))
E6: =IF(ISBLANK(D6),"",INDEX(maloaipa,MATCH(D6,loaipa,0))) | U6: =IF(ISBLANK(T6),"",INDEX(Ma_PA,MATCH(T6,'Phương án'!$C$3:C32,0))) | AT6: =IF(ISBLANK(AS6),"",INDEX(maquocgia,MATCH(AS6,dm_quocgia,0))) | AV6: =IF(ISBLANK(AU6),"",INDEX(madantoc,MATCH(AU6,tendantoc,0))) | AX6: {=IFERROR(INDEX(Tinh!A:A,MATCH(TRIM(AW6),Tinh!B:B,0)),"")} | AZ6: {=IFERROR(INDEX('Ngân Hàng'!B:B,MATCH(AY6,'Ngân Hàng'!C:C,0)),"")} | BD6: =IF(ISBLANK(BC6),"",INDEX(matinh,MATCH(BC6,ten_tinh,0))) | BF6: =IF(ISBLANK(BE6),"",INDEX(mahuyen,MATCH(CONCATENATE(BD6,"-",BE6),Loc_trung_huyen,0))) | BI6: =IF(ISBLANK(BH6),"",INDEX(matinh,MATCH(BH6,ten_tinh,0))) | BK6: =IF(ISBLANK(BJ6),"",INDEX(mahuyen,MATCH(CONCATENATE(BI6,"-",BJ6),Loc_trung_huyen,0))) | BN6: =IF(ISBLANK(BM6),"",INDEX(matinh,MATCH(BM6,ten_tinh,0))) | BP6: {=IF(ISBLANK(BO6),"",INDEX(mabenhvien,MATCH(BO6&BN6,tenbenhvien&matinhbenhvien,0)))} | BS6: =IF(ISBLANK(BR6),"",INDEX(matinh,MATCH(BR6,ten_tinh,0))) | BU6: =IF(ISBLANK(BT6),"",INDEX(mahuyen,MATCH(CONCATENATE(BS6,"-",BT6),Loc_trung_huyen,0))) | CI6: =IF(ISBLANK(CH6),"",INDEX(matinh,MATCH(CH6,ten_tinh,0))) | CK6: =IF(ISBLANK(CJ6),"",INDEX(mahuyen,MATCH(CONCATENATE(CI6,"-",CJ6),Loc_trung_huyen,0))) | CO6: =IF(ISBLANK(CN6),"",INDEX(matinh,MATCH(CN6,ten_tinh,0))) | CQ6: =IF(ISBLANK(CP6),"",INDEX(mahuyen,MATCH(CONCATENATE(CO6,"-",CP6),Loc_trung_huyen,0))) | CZ6: =IF(ISBLANK(CY6),"",INDEX(maquocgia,MATCH(CY6,dm_quocgia,0))) | DB6: =IF(ISBLANK(DA6),"",INDEX(madantoc,MATCH(DA6,tendantoc,0))) | DE6: =IF(ISBLANK(DD6),"",INDEX(mamoiquanhe,MATCH(DD6,moiquanhe,0))) | DG6: =IF(ISBLANK(DF6),"",INDEX(matinh,MATCH(DF6,ten_tinh,0))) | DI6: =IF(ISBLANK(DH6),"",INDEX(mahuyen,MATCH(CONCATENATE(DG6,"-",DH6),Loc_trung_huyen,0)))
E7: =IF(ISBLANK(D7),"",INDEX(maloaipa,MATCH(D7,loaipa,0))) | U7: =IF(ISBLANK(T7),"",INDEX(Ma_PA,MATCH(T7,'Phương án'!$C$3:C33,0))) | AT7: =IF(ISBLANK(AS7),"",INDEX(maquocgia,MATCH(AS7,dm_quocgia,0))) | AV7: =IF(ISBLANK(AU7),"",INDEX(madantoc,MATCH(AU7,tendantoc,0))) | AX7: {=IFERROR(INDEX(Tinh!A:A,MATCH(TRIM(AW7),Tinh!B:B,0)),"")} | AZ7: {=IFERROR(INDEX('Ngân Hàng'!B:B,MATCH(AY7,'Ngân Hàng'!C:C,0)),"")} | BD7: =IF(ISBLANK(BC7),"",INDEX(matinh,MATCH(BC7,ten_tinh,0))) | BF7: =IF(ISBLANK(BE7),"",INDEX(mahuyen,MATCH(CONCATENATE(BD7,"-",BE7),Loc_trung_huyen,0))) | BI7: =IF(ISBLANK(BH7),"",INDEX(matinh,MATCH(BH7,ten_tinh,0))) | BK7: =IF(ISBLANK(BJ7),"",INDEX(mahuyen,MATCH(CONCATENATE(BI7,"-",BJ7),Loc_trung_huyen,0))) | BN7: =IF(ISBLANK(BM7),"",INDEX(matinh,MATCH(BM7,ten_tinh,0))) | BP7: {=IF(ISBLANK(BO7),"",INDEX(mabenhvien,MATCH(BO7&BN7,tenbenhvien&matinhbenhvien,0)))} | BS7: =IF(ISBLANK(BR7),"",INDEX(matinh,MATCH(BR7,ten_tinh,0))) | BU7: =IF(ISBLANK(BT7),"",INDEX(mahuyen,MATCH(CONCATENATE(BS7,"-",BT7),Loc_trung_huyen,0))) | CI7: =IF(ISBLANK(CH7),"",INDEX(matinh,MATCH(CH7,ten_tinh,0))) | CK7: =IF(ISBLANK(CJ7),"",INDEX(mahuyen,MATCH(CONCATENATE(CI7,"-",CJ7),Loc_trung_huyen,0))) | CO7: =IF(ISBLANK(CN7),"",INDEX(matinh,MATCH(CN7,ten_tinh,0))) | CQ7: =IF(ISBLANK(CP7),"",INDEX(mahuyen,MATCH(CONCATENATE(CO7,"-",CP7),Loc_trung_huyen,0))) | CZ7: =IF(ISBLANK(CY7),"",INDEX(maquocgia,MATCH(CY7,dm_quocgia,0))) | DB7: =IF(ISBLANK(DA7),"",INDEX(madantoc,MATCH(DA7,tendantoc,0))) | DE7: =IF(ISBLANK(DD7),"",INDEX(mamoiquanhe,MATCH(DD7,moiquanhe,0))) | DG7: =IF(ISBLANK(DF7),"",INDEX(matinh,MATCH(DF7,ten_tinh,0))) | DI7: =IF(ISBLANK(DH7),"",INDEX(mahuyen,MATCH(CONCATENATE(DG7,"-",DH7),Loc_trung_huyen,0)))
E8: =IF(ISBLANK(D8),"",INDEX(maloaipa,MATCH(D8,loaipa,0))) | U8: =IF(ISBLANK(T8),"",INDEX(Ma_PA,MATCH(T8,'Phương án'!$C$3:C34,0))) | AT8: =IF(ISBLANK(AS8),"",INDEX(maquocgia,MATCH(AS8,dm_quocgia,0))) | AV8: =IF(ISBLANK(AU8),"",INDEX(madantoc,MATCH(AU8,tendantoc,0))) | AX8: {=IFERROR(INDEX(Tinh!A:A,MATCH(TRIM(AW8),Tinh!B:B,0)),"")} | AZ8: {=IFERROR(INDEX('Ngân Hàng'!B:B,MATCH(AY8,'Ngân Hàng'!C:C,0)),"")} | BD8: =IF(ISBLANK(BC8),"",INDEX(matinh,MATCH(BC8,ten_tinh,0))) | BF8: =IF(ISBLANK(BE8),"",INDEX(mahuyen,MATCH(CONCATENATE(BD8,"-",BE8),Loc_trung_huyen,0))) | BI8: =IF(ISBLANK(BH8),"",INDEX(matinh,MATCH(BH8,ten_tinh,0))) | BK8: =IF(ISBLANK(BJ8),"",INDEX(mahuyen,MATCH(CONCATENATE(BI8,"-",BJ8),Loc_trung_huyen,0))) | BN8: =IF(ISBLANK(BM8),"",INDEX(matinh,MATCH(BM8,ten_tinh,0))) | BP8: {=IF(ISBLANK(BO8),"",INDEX(mabenhvien,MATCH(BO8&BN8,tenbenhvien&matinhbenhvien,0)))} | BS8: =IF(ISBLANK(BR8),"",INDEX(matinh,MATCH(BR8,ten_tinh,0))) | BU8: =IF(ISBLANK(BT8),"",INDEX(mahuyen,MATCH(CONCATENATE(BS8,"-",BT8),Loc_trung_huyen,0))) | CI8: =IF(ISBLANK(CH8),"",INDEX(matinh,MATCH(CH8,ten_tinh,0))) | CK8: =IF(ISBLANK(CJ8),"",INDEX(mahuyen,MATCH(CONCATENATE(CI8,"-",CJ8),Loc_trung_huyen,0))) | CO8: =IF(ISBLANK(CN8),"",INDEX(matinh,MATCH(CN8,ten_tinh,0))) | CQ8: =IF(ISBLANK(CP8),"",INDEX(mahuyen,MATCH(CONCATENATE(CO8,"-",CP8),Loc_trung_huyen,0))) | CZ8: =IF(ISBLANK(CY8),"",INDEX(maquocgia,MATCH(CY8,dm_quocgia,0))) | DB8: =IF(ISBLANK(DA8),"",INDEX(madantoc,MATCH(DA8,tendantoc,0))) | DE8: =IF(ISBLANK(DD8),"",INDEX(mamoiquanhe,MATCH(DD8,moiquanhe,0))) | DG8: =IF(ISBLANK(DF8),"",INDEX(matinh,MATCH(DF8,ten_tinh,0))) | DI8: =IF(ISBLANK(DH8),"",INDEX(mahuyen,MATCH(CONCATENATE(DG8,"-",DH8),Loc_trung_huyen,0)))
E9: =IF(ISBLANK(D9),"",INDEX(maloaipa,MATCH(D9,loaipa,0))) | U9: =IF(ISBLANK(T9),"",INDEX(Ma_PA,MATCH(T9,'Phương án'!$C$3:C35,0))) | AT9: =IF(ISBLANK(AS9),"",INDEX(maquocgia,MATCH(AS9,dm_quocgia,0))) | AV9: =IF(ISBLANK(AU9),"",INDEX(madantoc,MATCH(AU9,tendantoc,0))) | AX9: {=IFERROR(INDEX(Tinh!A:A,MATCH(TRIM(AW9),Tinh!B:B,0)),"")} | AZ9: {=IFERROR(INDEX('Ngân Hàng'!B:B,MATCH(AY9,'Ngân Hàng'!C:C,0)),"")} | BD9: =IF(ISBLANK(BC9),"",INDEX(matinh,MATCH(BC9,ten_tinh,0))) | BF9: =IF(ISBLANK(BE9),"",INDEX(mahuyen,MATCH(CONCATENATE(BD9,"-",BE9),Loc_trung_huyen,0))) | BI9: =IF(ISBLANK(BH9),"",INDEX(matinh,MATCH(BH9,ten_tinh,0))) | BK9: =IF(ISBLANK(BJ9),"",INDEX(mahuyen,MATCH(CONCATENATE(BI9,"-",BJ9),Loc_trung_huyen,0))) | BN9: =IF(ISBLANK(BM9),"",INDEX(matinh,MATCH(BM9,ten_tinh,0))) | BP9: {=IF(ISBLANK(BO9),"",INDEX(mabenhvien,MATCH(BO9&BN9,tenbenhvien&matinhbenhvien,0)))} | BS9: =IF(ISBLANK(BR9),"",INDEX(matinh,MATCH(BR9,ten_tinh,0))) | BU9: =IF(ISBLANK(BT9),"",INDEX(mahuyen,MATCH(CONCATENATE(BS9,"-",BT9),Loc_trung_huyen,0))) | CI9: =IF(ISBLANK(CH9),"",INDEX(matinh,MATCH(CH9,ten_tinh,0))) | CK9: =IF(ISBLANK(CJ9),"",INDEX(mahuyen,MATCH(CONCATENATE(CI9,"-",CJ9),Loc_trung_huyen,0))) | CO9: =IF(ISBLANK(CN9),"",INDEX(matinh,MATCH(CN9,ten_tinh,0))) | CQ9: =IF(ISBLANK(CP9),"",INDEX(mahuyen,MATCH(CONCATENATE(CO9,"-",CP9),Loc_trung_huyen,0))) | CZ9: =IF(ISBLANK(CY9),"",INDEX(maquocgia,MATCH(CY9,dm_quocgia,0))) | DB9: =IF(ISBLANK(DA9),"",INDEX(madantoc,MATCH(DA9,tendantoc,0))) | DE9: =IF(ISBLANK(DD9),"",INDEX(mamoiquanhe,MATCH(DD9,moiquanhe,0))) | DG9: =IF(ISBLANK(DF9),"",INDEX(matinh,MATCH(DF9,ten_tinh,0))) | DI9: =IF(ISBLANK(DH9),"",INDEX(mahuyen,MATCH(CONCATENATE(DG9,"-",DH9),Loc_trung_huyen,0)))
E10: =IF(ISBLANK(D10),"",INDEX(maloaipa,MATCH(D10,loaipa,0))) | U10: =IF(ISBLANK(T10),"",INDEX(Ma_PA,MATCH(T10,'Phương án'!$C$3:C36,0))) | AT10: =IF(ISBLANK(AS10),"",INDEX(maquocgia,MATCH(AS10,dm_quocgia,0))) | AV10: =IF(ISBLANK(AU10),"",INDEX(madantoc,MATCH(AU10,tendantoc,0))) | AX10: {=IFERROR(INDEX(Tinh!A:A,MATCH(TRIM(AW10),Tinh!B:B,0)),"")} | AZ10: {=IFERROR(INDEX('Ngân Hàng'!B:B,MATCH(AY10,'Ngân Hàng'!C:C,0)),"")} | BD10: =IF(ISBLANK(BC10),"",INDEX(matinh,MATCH(BC10,ten_tinh,0))) | BF10: =IF(ISBLANK(BE10),"",INDEX(mahuyen,MATCH(CONCATENATE(BD10,"-",BE10),Loc_trung_huyen,0))) | BI10: =IF(ISBLANK(BH10),"",INDEX(matinh,MATCH(BH10,ten_tinh,0))) | BK10: =IF(ISBLANK(BJ10),"",INDEX(mahuyen,MATCH(CONCATENATE(BI10,"-",BJ10),Loc_trung_huyen,0))) | BN10: =IF(ISBLANK(BM10),"",INDEX(matinh,MATCH(BM10,ten_tinh,0))) | BP10: {=IF(ISBLANK(BO10),"",INDEX(mabenhvien,MATCH(BO10&BN10,tenbenhvien&matinhbenhvien,0)))} | BS10: =IF(ISBLANK(BR10),"",INDEX(matinh,MATCH(BR10,ten_tinh,0))) | BU10: =IF(ISBLANK(BT10),"",INDEX(mahuyen,MATCH(CONCATENATE(BS10,"-",BT10),Loc_trung_huyen,0))) | CI10: =IF(ISBLANK(CH10),"",INDEX(matinh,MATCH(CH10,ten_tinh,0))) | CK10: =IF(ISBLANK(CJ10),"",INDEX(mahuyen,MATCH(CONCATENATE(CI10,"-",CJ10),Loc_trung_huyen,0))) | CO10: =IF(ISBLANK(CN10),"",INDEX(matinh,MATCH(CN10,ten_tinh,0))) | CQ10: =IF(ISBLANK(CP10),"",INDEX(mahuyen,MATCH(CONCATENATE(CO10,"-",CP10),Loc_trung_huyen,0))) | CZ10: =IF(ISBLANK(CY10),"",INDEX(maquocgia,MATCH(CY10,dm_quocgia,0))) | DB10: =IF(ISBLANK(DA10),"",INDEX(madantoc,MATCH(DA10,tendantoc,0))) | DE10: =IF(ISBLANK(DD10),"",INDEX(mamoiquanhe,MATCH(DD10,moiquanhe,0))) | DG10: =IF(ISBLANK(DF10),"",INDEX(matinh,MATCH(DF10,ten_tinh,0))) | DI10: =IF(ISBLANK(DH10),"",INDEX(mahuyen,MATCH(CONCATENATE(DG10,"-",DH10),Loc_trung_huyen,0)))
E11: =IF(ISBLANK(D11),"",INDEX(maloaipa,MATCH(D11,loaipa,0))) | U11: =IF(ISBLANK(T11),"",INDEX(Ma_PA,MATCH(T11,'Phương án'!$C$3:C37,0))) | AT11: =IF(ISBLANK(AS11),"",INDEX(maquocgia,MATCH(AS11,dm_quocgia,0))) | AV11: =IF(ISBLANK(AU11),"",INDEX(madantoc,MATCH(AU11,tendantoc,0))) | AX11: {=IFERROR(INDEX(Tinh!A:A,MATCH(TRIM(AW11),Tinh!B:B,0)),"")} | AZ11: {=IFERROR(INDEX('Ngân Hàng'!B:B,MATCH(AY11,'Ngân Hàng'!C:C,0)),"")} | BD11: =IF(ISBLANK(BC11),"",INDEX(matinh,MATCH(BC11,ten_tinh,0))) | BF11: =IF(ISBLANK(BE11),"",INDEX(mahuyen,MATCH(CONCATENATE(BD11,"-",BE11),Loc_trung_huyen,0))) | BI11: =IF(ISBLANK(BH11),"",INDEX(matinh,MATCH(BH11,ten_tinh,0))) | BK11: =IF(ISBLANK(BJ11),"",INDEX(mahuyen,MATCH(CONCATENATE(BI11,"-",BJ11),Loc_trung_huyen,0))) | BN11: =IF(ISBLANK(BM11),"",INDEX(matinh,MATCH(BM11,ten_tinh,0))) | BP11: {=IF(ISBLANK(BO11),"",INDEX(mabenhvien,MATCH(BO11&BN11,tenbenhvien&matinhbenhvien,0)))} | BS11: =IF(ISBLANK(BR11),"",INDEX(matinh,MATCH(BR11,ten_tinh,0))) | BU11: =IF(ISBLANK(BT11),"",INDEX(mahuyen,MATCH(CONCATENATE(BS11,"-",BT11),Loc_trung_huyen,0))) | CI11: =IF(ISBLANK(CH11),"",INDEX(matinh,MATCH(CH11,ten_tinh,0))) | CK11: =IF(ISBLANK(CJ11),"",INDEX(mahuyen,MATCH(CONCATENATE(CI11,"-",CJ11),Loc_trung_huyen,0))) | CO11: =IF(ISBLANK(CN11),"",INDEX(matinh,MATCH(CN11,ten_tinh,0))) | CQ11: =IF(ISBLANK(CP11),"",INDEX(mahuyen,MATCH(CONCATENATE(CO11,"-",CP11),Loc_trung_huyen,0))) | CZ11: =IF(ISBLANK(CY11),"",INDEX(maquocgia,MATCH(CY11,dm_quocgia,0))) | DB11: =IF(ISBLANK(DA11),"",INDEX(madantoc,MATCH(DA11,tendantoc,0))) | DE11: =IF(ISBLANK(DD11),"",INDEX(mamoiquanhe,MATCH(DD11,moiquanhe,0))) | DG11: =IF(ISBLANK(DF11),"",INDEX(matinh,MATCH(DF11,ten_tinh,0))) | DI11: =IF(ISBLANK(DH11),"",INDEX(mahuyen,MATCH(CONCATENATE(DG11,"-",DH11),Loc_trung_huyen,0)))
E12: =IF(ISBLANK(D12),"",INDEX(maloaipa,MATCH(D12,loaipa,0))) | U12: =IF(ISBLANK(T12),"",INDEX(Ma_PA,MATCH(T12,'Phương án'!$C$3:C38,0))) | AT12: =IF(ISBLANK(AS12),"",INDEX(maquocgia,MATCH(AS12,dm_quocgia,0))) | AV12: =IF(ISBLANK(AU12),"",INDEX(madantoc,MATCH(AU12,tendantoc,0))) | AX12: {=IFERROR(INDEX(Tinh!A:A,MATCH(TRIM(AW12),Tinh!B:B,0)),"")} | AZ12: {=IFERROR(INDEX('Ngân Hàng'!B:B,MATCH(AY12,'Ngân Hàng'!C:C,0)),"")} | BD12: =IF(ISBLANK(BC12),"",INDEX(matinh,MATCH(BC12,ten_tinh,0))) | BF12: =IF(ISBLANK(BE12),"",INDEX(mahuyen,MATCH(CONCATENATE(BD12,"-",BE12),Loc_trung_huyen,0))) | BI12: =IF(ISBLANK(BH12),"",INDEX(matinh,MATCH(BH12,ten_tinh,0))) | BK12: =IF(ISBLANK(BJ12),"",INDEX(mahuyen,MATCH(CONCATENATE(BI12,"-",BJ12),Loc_trung_huyen,0))) | BN12: =IF(ISBLANK(BM12),"",INDEX(matinh,MATCH(BM12,ten_tinh,0))) | BP12: {=IF(ISBLANK(BO12),"",INDEX(mabenhvien,MATCH(BO12&BN12,tenbenhvien&matinhbenhvien,0)))} | BS12: =IF(ISBLANK(BR12),"",INDEX(matinh,MATCH(BR12,ten_tinh,0))) | BU12: =IF(ISBLANK(BT12),"",INDEX(mahuyen,MATCH(CONCATENATE(BS12,"-",BT12),Loc_trung_huyen,0))) | CI12: =IF(ISBLANK(CH12),"",INDEX(matinh,MATCH(CH12,ten_tinh,0))) | CK12: =IF(ISBLANK(CJ12),"",INDEX(mahuyen,MATCH(CONCATENATE(CI12,"-",CJ12),Loc_trung_huyen,0))) | CO12: =IF(ISBLANK(CN12),"",INDEX(matinh,MATCH(CN12,ten_tinh,0))) | CQ12: =IF(ISBLANK(CP12),"",INDEX(mahuyen,MATCH(CONCATENATE(CO12,"-",CP12),Loc_trung_huyen,0))) | CZ12: =IF(ISBLANK(CY12),"",INDEX(maquocgia,MATCH(CY12,dm_quocgia,0))) | DB12: =IF(ISBLANK(DA12),"",INDEX(madantoc,MATCH(DA12,tendantoc,0))) | DE12: =IF(ISBLANK(DD12),"",INDEX(mamoiquanhe,MATCH(DD12,moiquanhe,0))) | DG12: =IF(ISBLANK(DF12),"",INDEX(matinh,MATCH(DF12,ten_tinh,0))) | DI12: =IF(ISBLANK(DH12),"",INDEX(mahuyen,MATCH(CONCATENATE(DG12,"-",DH12),Loc_trung_huyen,0)))
E13: =IF(ISBLANK(D13),"",INDEX(maloaipa,MATCH(D13,loaipa,0))) | U13: =IF(ISBLANK(T13),"",INDEX(Ma_PA,MATCH(T13,'Phương án'!$C$3:C39,0))) | AT13: =IF(ISBLANK(AS13),"",INDEX(maquocgia,MATCH(AS13,dm_quocgia,0))) | AV13: =IF(ISBLANK(AU13),"",INDEX(madantoc,MATCH(AU13,tendantoc,0))) | AX13: {=IFERROR(INDEX(Tinh!A:A,MATCH(TRIM(AW13),Tinh!B:B,0)),"")} | AZ13: {=IFERROR(INDEX('Ngân Hàng'!B:B,MATCH(AY13,'Ngân Hàng'!C:C,0)),"")} | BD13: =IF(ISBLANK(BC13),"",INDEX(matinh,MATCH(BC13,ten_tinh,0))) | BF13: =IF(ISBLANK(BE13),"",INDEX(mahuyen,MATCH(CONCATENATE(BD13,"-",BE13),Loc_trung_huyen,0))) | BI13: =IF(ISBLANK(BH13),"",INDEX(matinh,MATCH(BH13,ten_tinh,0))) | BK13: =IF(ISBLANK(BJ13),"",INDEX(mahuyen,MATCH(CONCATENATE(BI13,"-",BJ13),Loc_trung_huyen,0))) | BN13: =IF(ISBLANK(BM13),"",INDEX(matinh,MATCH(BM13,ten_tinh,0))) | BP13: {=IF(ISBLANK(BO13),"",INDEX(mabenhvien,MATCH(BO13&BN13,tenbenhvien&matinhbenhvien,0)))} | BS13: =IF(ISBLANK(BR13),"",INDEX(matinh,MATCH(BR13,ten_tinh,0))) | BU13: =IF(ISBLANK(BT13),"",INDEX(mahuyen,MATCH(CONCATENATE(BS13,"-",BT13),Loc_trung_huyen,0))) | CI13: =IF(ISBLANK(CH13),"",INDEX(matinh,MATCH(CH13,ten_tinh,0))) | CK13: =IF(ISBLANK(CJ13),"",INDEX(mahuyen,MATCH(CONCATENATE(CI13,"-",CJ13),Loc_trung_huyen,0))) | CO13: =IF(ISBLANK(CN13),"",INDEX(matinh,MATCH(CN13,ten_tinh,0))) | CQ13: =IF(ISBLANK(CP13),"",INDEX(mahuyen,MATCH(CONCATENATE(CO13,"-",CP13),Loc_trung_huyen,0))) | CZ13: =IF(ISBLANK(CY13),"",INDEX(maquocgia,MATCH(CY13,dm_quocgia,0))) | DB13: =IF(ISBLANK(DA13),"",INDEX(madantoc,MATCH(DA13,tendantoc,0))) | DE13: =IF(ISBLANK(DD13),"",INDEX(mamoiquanhe,MATCH(DD13,moiquanhe,0))) | DG13: =IF(ISBLANK(DF13),"",INDEX(matinh,MATCH(DF13,ten_tinh,0))) | DI13: =IF(ISBLANK(DH13),"",INDEX(mahuyen,MATCH(CONCATENATE(DG13,"-",DH13),Loc_trung_huyen,0)))
E14: =IF(ISBLANK(D14),"",INDEX(maloaipa,MATCH(D14,loaipa,0))) | U14: =IF(ISBLANK(T14),"",INDEX(Ma_PA,MATCH(T14,'Phương án'!$C$3:C40,0))) | AT14: =IF(ISBLANK(AS14),"",INDEX(maquocgia,MATCH(AS14,dm_quocgia,0))) | AV14: =IF(ISBLANK(AU14),"",INDEX(madantoc,MATCH(AU14,tendantoc,0))) | AX14: {=IFERROR(INDEX(Tinh!A:A,MATCH(TRIM(AW14),Tinh!B:B,0)),"")} | AZ14: {=IFERROR(INDEX('Ngân Hàng'!B:B,MATCH(AY14,'Ngân Hàng'!C:C,0)),"")} | BD14: =IF(ISBLANK(BC14),"",INDEX(matinh,MATCH(BC14,ten_tinh,0))) | BF14: =IF(ISBLANK(BE14),"",INDEX(mahuyen,MATCH(CONCATENATE(BD14,"-",BE14),Loc_trung_huyen,0))) | BI14: =IF(ISBLANK(BH14),"",INDEX(matinh,MATCH(BH14,ten_tinh,0))) | BK14: =IF(ISBLANK(BJ14),"",INDEX(mahuyen,MATCH(CONCATENATE(BI14,"-",BJ14),Loc_trung_huyen,0))) | BN14: =IF(ISBLANK(BM14),"",INDEX(matinh,MATCH(BM14,ten_tinh,0))) | BP14: {=IF(ISBLANK(BO14),"",INDEX(mabenhvien,MATCH(BO14&BN14,tenbenhvien&matinhbenhvien,0)))} | BS14: =IF(ISBLANK(BR14),"",INDEX(matinh,MATCH(BR14,ten_tinh,0))) | BU14: =IF(ISBLANK(BT14),"",INDEX(mahuyen,MATCH(CONCATENATE(BS14,"-",BT14),Loc_trung_huyen,0))) | CI14: =IF(ISBLANK(CH14),"",INDEX(matinh,MATCH(CH14,ten_tinh,0))) | CK14: =IF(ISBLANK(CJ14),"",INDEX(mahuyen,MATCH(CONCATENATE(CI14,"-",CJ14),Loc_trung_huyen,0))) | CO14: =IF(ISBLANK(CN14),"",INDEX(matinh,MATCH(CN14,ten_tinh,0))) | CQ14: =IF(ISBLANK(CP14),"",INDEX(mahuyen,MATCH(CONCATENATE(CO14,"-",CP14),Loc_trung_huyen,0))) | CZ14: =IF(ISBLANK(CY14),"",INDEX(maquocgia,MATCH(CY14,dm_quocgia,0))) | DB14: =IF(ISBLANK(DA14),"",INDEX(madantoc,MATCH(DA14,tendantoc,0))) | DE14: =IF(ISBLANK(DD14),"",INDEX(mamoiquanhe,MATCH(DD14,moiquanhe,0))) | DG14: =IF(ISBLANK(DF14),"",INDEX(matinh,MATCH(DF14,ten_tinh,0))) | DI14: =IF(ISBLANK(DH14),"",INDEX(mahuyen,MATCH(CONCATENATE(DG14,"-",DH14),Loc_trung_huyen,0)))
E15: =IF(ISBLANK(D15),"",INDEX(maloaipa,MATCH(D15,loaipa,0))) | U15: =IF(ISBLANK(T15),"",INDEX(Ma_PA,MATCH(T15,'Phương án'!$C$3:C41,0))) | AT15: =IF(ISBLANK(AS15),"",INDEX(maquocgia,MATCH(AS15,dm_quocgia,0))) | AV15: =IF(ISBLANK(AU15),"",INDEX(madantoc,MATCH(AU15,tendantoc,0))) | AX15: {=IFERROR(INDEX(Tinh!A:A,MATCH(TRIM(AW15),Tinh!B:B,0)),"")} | AZ15: {=IFERROR(INDEX('Ngân Hàng'!B:B,MATCH(AY15,'Ngân Hàng'!C:C,0)),"")} | BD15: =IF(ISBLANK(BC15),"",INDEX(matinh,MATCH(BC15,ten_tinh,0))) | BF15: =IF(ISBLANK(BE15),"",INDEX(mahuyen,MATCH(CONCATENATE(BD15,"-",BE15),Loc_trung_huyen,0))) | BI15: =IF(ISBLANK(BH15),"",INDEX(matinh,MATCH(BH15,ten_tinh,0))) | BK15: =IF(ISBLANK(BJ15),"",INDEX(mahuyen,MATCH(CONCATENATE(BI15,"-",BJ15),Loc_trung_huyen,0))) | BN15: =IF(ISBLANK(BM15),"",INDEX(matinh,MATCH(BM15,ten_tinh,0))) | BP15: {=IF(ISBLANK(BO15),"",INDEX(mabenhvien,MATCH(BO15&BN15,tenbenhvien&matinhbenhvien,0)))} | BS15: =IF(ISBLANK(BR15),"",INDEX(matinh,MATCH(BR15,ten_tinh,0))) | BU15: =IF(ISBLANK(BT15),"",INDEX(mahuyen,MATCH(CONCATENATE(BS15,"-",BT15),Loc_trung_huyen,0))) | CI15: =IF(ISBLANK(CH15),"",INDEX(matinh,MATCH(CH15,ten_tinh,0))) | CK15: =IF(ISBLANK(CJ15),"",INDEX(mahuyen,MATCH(CONCATENATE(CI15,"-",CJ15),Loc_trung_huyen,0))) | CO15: =IF(ISBLANK(CN15),"",INDEX(matinh,MATCH(CN15,ten_tinh,0))) | CQ15: =IF(ISBLANK(CP15),"",INDEX(mahuyen,MATCH(CONCATENATE(CO15,"-",CP15),Loc_trung_huyen,0))) | CZ15: =IF(ISBLANK(CY15),"",INDEX(maquocgia,MATCH(CY15,dm_quocgia,0))) | DB15: =IF(ISBLANK(DA15),"",INDEX(madantoc,MATCH(DA15,tendantoc,0))) | DE15: =IF(ISBLANK(DD15),"",INDEX(mamoiquanhe,MATCH(DD15,moiquanhe,0))) | DG15: =IF(ISBLANK(DF15),"",INDEX(matinh,MATCH(DF15,ten_tinh,0))) | DI15: =IF(ISBLANK(DH15),"",INDEX(mahuyen,MATCH(CONCATENATE(DG15,"-",DH15),Loc_trung_huyen,0)))
E16: =IF(ISBLANK(D16),"",INDEX(maloaipa,MATCH(D16,loaipa,0))) | U16: =IF(ISBLANK(T16),"",INDEX(Ma_PA,MATCH(T16,'Phương án'!$C$3:C42,0))) | AT16: =IF(ISBLANK(AS16),"",INDEX(maquocgia,MATCH(AS16,dm_quocgia,0))) | AV16: =IF(ISBLANK(AU16),"",INDEX(madantoc,MATCH(AU16,tendantoc,0))) | AX16: {=IFERROR(INDEX(Tinh!A:A,MATCH(TRIM(AW16),Tinh!B:B,0)),"")} | AZ16: {=IFERROR(INDEX('Ngân Hàng'!B:B,MATCH(AY16,'Ngân Hàng'!C:C,0)),"")} | BD16: =IF(ISBLANK(BC16),"",INDEX(matinh,MATCH(BC16,ten_tinh,0))) | BF16: =IF(ISBLANK(BE16),"",INDEX(mahuyen,MATCH(CONCATENATE(BD16,"-",BE16),Loc_trung_huyen,0))) | BI16: =IF(ISBLANK(BH16),"",INDEX(matinh,MATCH(BH16,ten_tinh,0))) | BK16: =IF(ISBLANK(BJ16),"",INDEX(mahuyen,MATCH(CONCATENATE(BI16,"-",BJ16),Loc_trung_huyen,0))) | BN16: =IF(ISBLANK(BM16),"",INDEX(matinh,MATCH(BM16,ten_tinh,0))) | BP16: {=IF(ISBLANK(BO16),"",INDEX(mabenhvien,MATCH(BO16&BN16,tenbenhvien&matinhbenhvien,0)))} | BS16: =IF(ISBLANK(BR16),"",INDEX(matinh,MATCH(BR16,ten_tinh,0))) | BU16: =IF(ISBLANK(BT16),"",INDEX(mahuyen,MATCH(CONCATENATE(BS16,"-",BT16),Loc_trung_huyen,0))) | CI16: =IF(ISBLANK(CH16),"",INDEX(matinh,MATCH(CH16,ten_tinh,0))) | CK16: =IF(ISBLANK(CJ16),"",INDEX(mahuyen,MATCH(CONCATENATE(CI16,"-",CJ16),Loc_trung_huyen,0))) | CO16: =IF(ISBLANK(CN16),"",INDEX(matinh,MATCH(CN16,ten_tinh,0))) | CQ16: =IF(ISBLANK(CP16),"",INDEX(mahuyen,MATCH(CONCATENATE(CO16,"-",CP16),Loc_trung_huyen,0))) | CZ16: =IF(ISBLANK(CY16),"",INDEX(maquocgia,MATCH(CY16,dm_quocgia,0))) | DB16: =IF(ISBLANK(DA16),"",INDEX(madantoc,MATCH(DA16,tendantoc,0))) | DE16: =IF(ISBLANK(DD16),"",INDEX(mamoiquanhe,MATCH(DD16,moiquanhe,0))) | DG16: =IF(ISBLANK(DF16),"",INDEX(matinh,MATCH(DF16,ten_tinh,0))) | DI16: =IF(ISBLANK(DH16),"",INDEX(mahuyen,MATCH(CONCATENATE(DG16,"-",DH16),Loc_trung_huyen,0)))
... E516: =IF(ISBLANK(D516),"",INDEX(maloaipa,MATCH(D516,loaipa,0))) | U516: =IF(ISBLANK(T516),"",INDEX(Ma_PA,MATCH(T516,'Phương án'!$C$3:C542,0))) | AT516: =IF(ISBLANK(AS516),"",INDEX(maquocgia,MATCH(AS516,dm_quocgia,0))) | AV516: =IF(ISBLANK(AU516),"",INDEX(madantoc,MATCH(AU516,tendantoc,0))) | AX516: {=IFERROR(INDEX(Tinh!A:A,MATCH(TRIM(AW516),Tinh!B:B,0)),"")} | AZ516: {=IFERROR(INDEX('Ngân Hàng'!B:B,MATCH(AY516,'Ngân Hàng'!C:C,0)),"")} | BD516: =IF(ISBLANK(BC516),"",INDEX(matinh,MATCH(BC516,ten_tinh,0))) | BF516: =IF(ISBLANK(BE516),"",INDEX(mahuyen,MATCH(CONCATENATE(BD516,"-",BE516),Loc_trung_huyen,0))) | BI516: =IF(ISBLANK(BH516),"",INDEX(matinh,MATCH(BH516,ten_tinh,0))) | BK516: =IF(ISBLANK(BJ516),"",INDEX(mahuyen,MATCH(CONCATENATE(BI516,"-",BJ516),Loc_trung_huyen,0))) | BN516: =IF(ISBLANK(BM516),"",INDEX(matinh,MATCH(BM516,ten_tinh,0))) | BP516: {=IF(ISBLANK(BO516),"",INDEX(mabenhvien,MATCH(BO516&BN516,tenbenhvien&matinhbenhvien,0)))} | BS516: =IF(ISBLANK(BR516),"",INDEX(matinh,MATCH(BR516,ten_tinh,0))) | BU516: =IF(ISBLANK(BT516),"",INDEX(mahuyen,MATCH(CONCATENATE(BS516,"-",BT516),Loc_trung_huyen,0))) | CI516: =IF(ISBLANK(CH516),"",INDEX(matinh,MATCH(CH516,ten_tinh,0))) | CK516: =IF(ISBLANK(CJ516),"",INDEX(mahuyen,MATCH(CONCATENATE(CI516,"-",CJ516),Loc_trung_huyen,0))) | CO516: =IF(ISBLANK(CN516),"",INDEX(matinh,MATCH(CN516,ten_tinh,0))) | CQ516: =IF(ISBLANK(CP516),"",INDEX(mahuyen,MATCH(CONCATENATE(CO516,"-",CP516),Loc_trung_huyen,0))) | CZ516: =IF(ISBLANK(CY516),"",INDEX(maquocgia,MATCH(CY516,dm_quocgia,0))) | DB516: =IF(ISBLANK(DA516),"",INDEX(madantoc,MATCH(DA516,tendantoc,0))) | DE516: =IF(ISBLANK(DD516),"",INDEX(mamoiquanhe,MATCH(DD516,moiquanhe,0))) | DG516: =IF(ISBLANK(DF516),"",INDEX(matinh,MATCH(DF516,ten_tinh,0))) | DI516: =IF(ISBLANK(DH516),"",INDEX(mahuyen,MATCH(CONCATENATE(DG516,"-",DH516),Loc_trung_huyen,0)))
E517: =IF(ISBLANK(D517),"",INDEX(maloaipa,MATCH(D517,loaipa,0))) | U517: =IF(ISBLANK(T517),"",INDEX(Ma_PA,MATCH(T517,'Phương án'!$C$3:C543,0))) | AT517: =IF(ISBLANK(AS517),"",INDEX(maquocgia,MATCH(AS517,dm_quocgia,0))) | AV517: =IF(ISBLANK(AU517),"",INDEX(madantoc,MATCH(AU517,tendantoc,0))) | AX517: {=IFERROR(INDEX(Tinh!A:A,MATCH(TRIM(AW517),Tinh!B:B,0)),"")} | AZ517: {=IFERROR(INDEX('Ngân Hàng'!B:B,MATCH(AY517,'Ngân Hàng'!C:C,0)),"")} | BD517: =IF(ISBLANK(BC517),"",INDEX(matinh,MATCH(BC517,ten_tinh,0))) | BF517: =IF(ISBLANK(BE517),"",INDEX(mahuyen,MATCH(CONCATENATE(BD517,"-",BE517),Loc_trung_huyen,0))) | BI517: =IF(ISBLANK(BH517),"",INDEX(matinh,MATCH(BH517,ten_tinh,0))) | BK517: =IF(ISBLANK(BJ517),"",INDEX(mahuyen,MATCH(CONCATENATE(BI517,"-",BJ517),Loc_trung_huyen,0))) | BN517: =IF(ISBLANK(BM517),"",INDEX(matinh,MATCH(BM517,ten_tinh,0))) | BP517: {=IF(ISBLANK(BO517),"",INDEX(mabenhvien,MATCH(BO517&BN517,tenbenhvien&matinhbenhvien,0)))} | BS517: =IF(ISBLANK(BR517),"",INDEX(matinh,MATCH(BR517,ten_tinh,0))) | BU517: =IF(ISBLANK(BT517),"",INDEX(mahuyen,MATCH(CONCATENATE(BS517,"-",BT517),Loc_trung_huyen,0))) | CI517: =IF(ISBLANK(CH517),"",INDEX(matinh,MATCH(CH517,ten_tinh,0))) | CK517: =IF(ISBLANK(CJ517),"",INDEX(mahuyen,MATCH(CONCATENATE(CI517,"-",CJ517),Loc_trung_huyen,0))) | CO517: =IF(ISBLANK(CN517),"",INDEX(matinh,MATCH(CN517,ten_tinh,0))) | CQ517: =IF(ISBLANK(CP517),"",INDEX(mahuyen,MATCH(CONCATENATE(CO517,"-",CP517),Loc_trung_huyen,0))) | CZ517: =IF(ISBLANK(CY517),"",INDEX(maquocgia,MATCH(CY517,dm_quocgia,0))) | DE517: =IF(ISBLANK(DD517),"",INDEX(mamoiquanhe,MATCH(DD517,moiquanhe,0))) | DG517: =IF(ISBLANK(DF517),"",INDEX(matinh,MATCH(DF517,ten_tinh,0))) | DI517: =IF(ISBLANK(DH517),"",INDEX(mahuyen,MATCH(CONCATENATE(DG517,"-",DH517),Loc_trung_huyen,0)))
E518: =IF(ISBLANK(D518),"",INDEX(maloaipa,MATCH(D518,loaipa,0))) | U518: =IF(ISBLANK(T518),"",INDEX(Ma_PA,MATCH(T518,'Phương án'!$C$3:C544,0))) | AT518: =IF(ISBLANK(AS518),"",INDEX(maquocgia,MATCH(AS518,dm_quocgia,0))) | AV518: =IF(ISBLANK(AU518),"",INDEX(madantoc,MATCH(AU518,tendantoc,0))) | AX518: {=IFERROR(INDEX(Tinh!A:A,MATCH(TRIM(AW518),Tinh!B:B,0)),"")} | AZ518: {=IFERROR(INDEX('Ngân Hàng'!B:B,MATCH(AY518,'Ngân Hàng'!C:C,0)),"")} | BD518: =IF(ISBLANK(BC518),"",INDEX(matinh,MATCH(BC518,ten_tinh,0))) | BF518: =IF(ISBLANK(BE518),"",INDEX(mahuyen,MATCH(CONCATENATE(BD518,"-",BE518),Loc_trung_huyen,0))) | BI518: =IF(ISBLANK(BH518),"",INDEX(matinh,MATCH(BH518,ten_tinh,0))) | BK518: =IF(ISBLANK(BJ518),"",INDEX(mahuyen,MATCH(CONCATENATE(BI518,"-",BJ518),Loc_trung_huyen,0))) | BN518: =IF(ISBLANK(BM518),"",INDEX(matinh,MATCH(BM518,ten_tinh,0))) | BP518: {=IF(ISBLANK(BO518),"",INDEX(mabenhvien,MATCH(BO518&BN518,tenbenhvien&matinhbenhvien,0)))} | BS518: =IF(ISBLANK(BR518),"",INDEX(matinh,MATCH(BR518,ten_tinh,0))) | BU518: =IF(ISBLANK(BT518),"",INDEX(mahuyen,MATCH(CONCATENATE(BS518,"-",BT518),Loc_trung_huyen,0))) | CI518: =IF(ISBLANK(CH518),"",INDEX(matinh,MATCH(CH518,ten_tinh,0))) | CK518: =IF(ISBLANK(CJ518),"",INDEX(mahuyen,MATCH(CONCATENATE(CI518,"-",CJ518),Loc_trung_huyen,0))) | CO518: =IF(ISBLANK(CN518),"",INDEX(matinh,MATCH(CN518,ten_tinh,0))) | CQ518: =IF(ISBLANK(CP518),"",INDEX(mahuyen,MATCH(CONCATENATE(CO518,"-",CP518),Loc_trung_huyen,0))) | CZ518: =IF(ISBLANK(CY518),"",INDEX(maquocgia,MATCH(CY518,dm_quocgia,0))) | DE518: =IF(ISBLANK(DD518),"",INDEX(mamoiquanhe,MATCH(DD518,moiquanhe,0))) | DG518: =IF(ISBLANK(DF518),"",INDEX(matinh,MATCH(DF518,ten_tinh,0))) | DI518: =IF(ISBLANK(DH518),"",INDEX(mahuyen,MATCH(CONCATENATE(DG518,"-",DH518),Loc_trung_huyen,0)))
E519: =IF(ISBLANK(D519),"",INDEX(maloaipa,MATCH(D519,loaipa,0))) | U519: =IF(ISBLANK(T519),"",INDEX(Ma_PA,MATCH(T519,'Phương án'!$C$3:C545,0))) | AT519: =IF(ISBLANK(AS519),"",INDEX(maquocgia,MATCH(AS519,dm_quocgia,0))) | AV519: =IF(ISBLANK(AU519),"",INDEX(madantoc,MATCH(AU519,tendantoc,0))) | AX519: {=IFERROR(INDEX(Tinh!A:A,MATCH(TRIM(AW519),Tinh!B:B,0)),"")} | AZ519: {=IFERROR(INDEX('Ngân Hàng'!B:B,MATCH(AY519,'Ngân Hàng'!C:C,0)),"")} | BD519: =IF(ISBLANK(BC519),"",INDEX(matinh,MATCH(BC519,ten_tinh,0))) | BF519: =IF(ISBLANK(BE519),"",INDEX(mahuyen,MATCH(CONCATENATE(BD519,"-",BE519),Loc_trung_huyen,0))) | BI519: =IF(ISBLANK(BH519),"",INDEX(matinh,MATCH(BH519,ten_tinh,0))) | BK519: =IF(ISBLANK(BJ519),"",INDEX(mahuyen,MATCH(CONCATENATE(BI519,"-",BJ519),Loc_trung_huyen,0))) | BN519: =IF(ISBLANK(BM519),"",INDEX(matinh,MATCH(BM519,ten_tinh,0))) | BP519: {=IF(ISBLANK(BO519),"",INDEX(mabenhvien,MATCH(BO519&BN519,tenbenhvien&matinhbenhvien,0)))} | BS519: =IF(ISBLANK(BR519),"",INDEX(matinh,MATCH(BR519,ten_tinh,0))) | BU519: =IF(ISBLANK(BT519),"",INDEX(mahuyen,MATCH(CONCATENATE(BS519,"-",BT519),Loc_trung_huyen,0))) | CI519: =IF(ISBLANK(CH519),"",INDEX(matinh,MATCH(CH519,ten_tinh,0))) | CK519: =IF(ISBLANK(CJ519),"",INDEX(mahuyen,MATCH(CONCATENATE(CI519,"-",CJ519),Loc_trung_huyen,0))) | CO519: =IF(ISBLANK(CN519),"",INDEX(matinh,MATCH(CN519,ten_tinh,0))) | CQ519: =IF(ISBLANK(CP519),"",INDEX(mahuyen,MATCH(CONCATENATE(CO519,"-",CP519),Loc_trung_huyen,0))) | CZ519: =IF(ISBLANK(CY519),"",INDEX(maquocgia,MATCH(CY519,dm_quocgia,0))) | DE519: =IF(ISBLANK(DD519),"",INDEX(mamoiquanhe,MATCH(DD519,moiquanhe,0))) | DG519: =IF(ISBLANK(DF519),"",INDEX(matinh,MATCH(DF519,ten_tinh,0))) | DI519: =IF(ISBLANK(DH519),"",INDEX(mahuyen,MATCH(CONCATENATE(DG519,"-",DH519),Loc_trung_huyen,0)))
E520: =IF(ISBLANK(D520),"",INDEX(maloaipa,MATCH(D520,loaipa,0))) | U520: =IF(ISBLANK(T520),"",INDEX(Ma_PA,MATCH(T520,'Phương án'!$C$3:C546,0))) | AT520: =IF(ISBLANK(AS520),"",INDEX(maquocgia,MATCH(AS520,dm_quocgia,0))) | AV520: =IF(ISBLANK(AU520),"",INDEX(madantoc,MATCH(AU520,tendantoc,0))) | AX520: {=IFERROR(INDEX(Tinh!A:A,MATCH(TRIM(AW520),Tinh!B:B,0)),"")} | AZ520: {=IFERROR(INDEX('Ngân Hàng'!B:B,MATCH(AY520,'Ngân Hàng'!C:C,0)),"")} | BD520: =IF(ISBLANK(BC520),"",INDEX(matinh,MATCH(BC520,ten_tinh,0))) | BF520: =IF(ISBLANK(BE520),"",INDEX(mahuyen,MATCH(CONCATENATE(BD520,"-",BE520),Loc_trung_huyen,0))) | BI520: =IF(ISBLANK(BH520),"",INDEX(matinh,MATCH(BH520,ten_tinh,0))) | BK520: =IF(ISBLANK(BJ520),"",INDEX(mahuyen,MATCH(CONCATENATE(BI520,"-",BJ520),Loc_trung_huyen,0))) | BN520: =IF(ISBLANK(BM520),"",INDEX(matinh,MATCH(BM520,ten_tinh,0))) | BP520: {=IF(ISBLANK(BO520),"",INDEX(mabenhvien,MATCH(BO520&BN520,tenbenhvien&matinhbenhvien,0)))} | BS520: =IF(ISBLANK(BR520),"",INDEX(matinh,MATCH(BR520,ten_tinh,0))) | BU520: =IF(ISBLANK(BT520),"",INDEX(mahuyen,MATCH(CONCATENATE(BS520,"-",BT520),Loc_trung_huyen,0))) | CI520: =IF(ISBLANK(CH520),"",INDEX(matinh,MATCH(CH520,ten_tinh,0))) | CK520: =IF(ISBLANK(CJ520),"",INDEX(mahuyen,MATCH(CONCATENATE(CI520,"-",CJ520),Loc_trung_huyen,0))) | CO520: =IF(ISBLANK(CN520),"",INDEX(matinh,MATCH(CN520,ten_tinh,0))) | CQ520: =IF(ISBLANK(CP520),"",INDEX(mahuyen,MATCH(CONCATENATE(CO520,"-",CP520),Loc_trung_huyen,0))) | CZ520: =IF(ISBLANK(CY520),"",INDEX(maquocgia,MATCH(CY520,dm_quocgia,0))) | DE520: =IF(ISBLANK(DD520),"",INDEX(mamoiquanhe,MATCH(DD520,moiquanhe,0))) | DG520: =IF(ISBLANK(DF520),"",INDEX(matinh,MATCH(DF520,ten_tinh,0))) | DI520: =IF(ISBLANK(DH520),"",INDEX(mahuyen,MATCH(CONCATENATE(DG520,"-",DH520),Loc_trung_huyen,0)))
E521: =IF(ISBLANK(D521),"",INDEX(maloaipa,MATCH(D521,loaipa,0))) | U521: =IF(ISBLANK(T521),"",INDEX(Ma_PA,MATCH(T521,'Phương án'!$C$3:C547,0))) | AT521: =IF(ISBLANK(AS521),"",INDEX(maquocgia,MATCH(AS521,dm_quocgia,0))) | AV521: =IF(ISBLANK(AU521),"",INDEX(madantoc,MATCH(AU521,tendantoc,0))) | AX521: {=IFERROR(INDEX(Tinh!A:A,MATCH(TRIM(AW521),Tinh!B:B,0)),"")} | AZ521: {=IFERROR(INDEX('Ngân Hàng'!B:B,MATCH(AY521,'Ngân Hàng'!C:C,0)),"")} | BD521: =IF(ISBLANK(BC521),"",INDEX(matinh,MATCH(BC521,ten_tinh,0))) | BF521: =IF(ISBLANK(BE521),"",INDEX(mahuyen,MATCH(CONCATENATE(BD521,"-",BE521),Loc_trung_huyen,0))) | BI521: =IF(ISBLANK(BH521),"",INDEX(matinh,MATCH(BH521,ten_tinh,0))) | BK521: =IF(ISBLANK(BJ521),"",INDEX(mahuyen,MATCH(CONCATENATE(BI521,"-",BJ521),Loc_trung_huyen,0))) | BN521: =IF(ISBLANK(BM521),"",INDEX(matinh,MATCH(BM521,ten_tinh,0))) | BP521: {=IF(ISBLANK(BO521),"",INDEX(mabenhvien,MATCH(BO521&BN521,tenbenhvien&matinhbenhvien,0)))} | BS521: =IF(ISBLANK(BR521),"",INDEX(matinh,MATCH(BR521,ten_tinh,0))) | BU521: =IF(ISBLANK(BT521),"",INDEX(mahuyen,MATCH(CONCATENATE(BS521,"-",BT521),Loc_trung_huyen,0))) | CI521: =IF(ISBLANK(CH521),"",INDEX(matinh,MATCH(CH521,ten_tinh,0))) | CK521: =IF(ISBLANK(CJ521),"",INDEX(mahuyen,MATCH(CONCATENATE(CI521,"-",CJ521),Loc_trung_huyen,0))) | CO521: =IF(ISBLANK(CN521),"",INDEX(matinh,MATCH(CN521,ten_tinh,0))) | CQ521: =IF(ISBLANK(CP521),"",INDEX(mahuyen,MATCH(CONCATENATE(CO521,"-",CP521),Loc_trung_huyen,0))) | CZ521: =IF(ISBLANK(CY521),"",INDEX(maquocgia,MATCH(CY521,dm_quocgia,0))) | DE521: =IF(ISBLANK(DD521),"",INDEX(mamoiquanhe,MATCH(DD521,moiquanhe,0))) | DG521: =IF(ISBLANK(DF521),"",INDEX(matinh,MATCH(DF521,ten_tinh,0))) | DI521: =IF(ISBLANK(DH521),"",INDEX(mahuyen,MATCH(CONCATENATE(DG521,"-",DH521),Loc_trung_huyen,0)))
E522: =IF(ISBLANK(D522),"",INDEX(maloaipa,MATCH(D522,loaipa,0))) | U522: =IF(ISBLANK(T522),"",INDEX(Ma_PA,MATCH(T522,'Phương án'!$C$3:C548,0))) | AT522: =IF(ISBLANK(AS522),"",INDEX(maquocgia,MATCH(AS522,dm_quocgia,0))) | AV522: =IF(ISBLANK(AU522),"",INDEX(madantoc,MATCH(AU522,tendantoc,0))) | AX522: {=IFERROR(INDEX(Tinh!A:A,MATCH(TRIM(AW522),Tinh!B:B,0)),"")} | AZ522: {=IFERROR(INDEX('Ngân Hàng'!B:B,MATCH(AY522,'Ngân Hàng'!C:C,0)),"")} | BD522: =IF(ISBLANK(BC522),"",INDEX(matinh,MATCH(BC522,ten_tinh,0))) | BF522: =IF(ISBLANK(BE522),"",INDEX(mahuyen,MATCH(CONCATENATE(BD522,"-",BE522),Loc_trung_huyen,0))) | BI522: =IF(ISBLANK(BH522),"",INDEX(matinh,MATCH(BH522,ten_tinh,0))) | BK522: =IF(ISBLANK(BJ522),"",INDEX(mahuyen,MATCH(CONCATENATE(BI522,"-",BJ522),Loc_trung_huyen,0))) | BN522: =IF(ISBLANK(BM522),"",INDEX(matinh,MATCH(BM522,ten_tinh,0))) | BP522: {=IF(ISBLANK(BO522),"",INDEX(mabenhvien,MATCH(BO522&BN522,tenbenhvien&matinhbenhvien,0)))} | BS522: =IF(ISBLANK(BR522),"",INDEX(matinh,MATCH(BR522,ten_tinh,0))) | BU522: =IF(ISBLANK(BT522),"",INDEX(mahuyen,MATCH(CONCATENATE(BS522,"-",BT522),Loc_trung_huyen,0))) | CI522: =IF(ISBLANK(CH522),"",INDEX(matinh,MATCH(CH522,ten_tinh,0))) | CK522: =IF(ISBLANK(CJ522),"",INDEX(mahuyen,MATCH(CONCATENATE(CI522,"-",CJ522),Loc_trung_huyen,0))) | CO522: =IF(ISBLANK(CN522),"",INDEX(matinh,MATCH(CN522,ten_tinh,0))) | CQ522: =IF(ISBLANK(CP522),"",INDEX(mahuyen,MATCH(CONCATENATE(CO522,"-",CP522),Loc_trung_huyen,0))) | CZ522: =IF(ISBLANK(CY522),"",INDEX(maquocgia,MATCH(CY522,dm_quocgia,0))) | DE522: =IF(ISBLANK(DD522),"",INDEX(mamoiquanhe,MATCH(DD522,moiquanhe,0))) | DG522: =IF(ISBLANK(DF522),"",INDEX(matinh,MATCH(DF522,ten_tinh,0))) | DI522: =IF(ISBLANK(DH522),"",INDEX(mahuyen,MATCH(CONCATENATE(DG522,"-",DH522),Loc_trung_huyen,0)))
E523: =IF(ISBLANK(D523),"",INDEX(maloaipa,MATCH(D523,loaipa,0))) | U523: =IF(ISBLANK(T523),"",INDEX(Ma_PA,MATCH(T523,'Phương án'!$C$3:C549,0))) | AT523: =IF(ISBLANK(AS523),"",INDEX(maquocgia,MATCH(AS523,dm_quocgia,0))) | AV523: =IF(ISBLANK(AU523),"",INDEX(madantoc,MATCH(AU523,tendantoc,0))) | AX523: {=IFERROR(INDEX(Tinh!A:A,MATCH(TRIM(AW523),Tinh!B:B,0)),"")} | AZ523: {=IFERROR(INDEX('Ngân Hàng'!B:B,MATCH(AY523,'Ngân Hàng'!C:C,0)),"")} | BD523: =IF(ISBLANK(BC523),"",INDEX(matinh,MATCH(BC523,ten_tinh,0))) | BF523: =IF(ISBLANK(BE523),"",INDEX(mahuyen,MATCH(CONCATENATE(BD523,"-",BE523),Loc_trung_huyen,0))) | BI523: =IF(ISBLANK(BH523),"",INDEX(matinh,MATCH(BH523,ten_tinh,0))) | BK523: =IF(ISBLANK(BJ523),"",INDEX(mahuyen,MATCH(CONCATENATE(BI523,"-",BJ523),Loc_trung_huyen,0))) | BN523: =IF(ISBLANK(BM523),"",INDEX(matinh,MATCH(BM523,ten_tinh,0))) | BP523: {=IF(ISBLANK(BO523),"",INDEX(mabenhvien,MATCH(BO523&BN523,tenbenhvien&matinhbenhvien,0)))} | BS523: =IF(ISBLANK(BR523),"",INDEX(matinh,MATCH(BR523,ten_tinh,0))) | BU523: =IF(ISBLANK(BT523),"",INDEX(mahuyen,MATCH(CONCATENATE(BS523,"-",BT523),Loc_trung_huyen,0))) | CI523: =IF(ISBLANK(CH523),"",INDEX(matinh,MATCH(CH523,ten_tinh,0))) | CK523: =IF(ISBLANK(CJ523),"",INDEX(mahuyen,MATCH(CONCATENATE(CI523,"-",CJ523),Loc_trung_huyen,0))) | CO523: =IF(ISBLANK(CN523),"",INDEX(matinh,MATCH(CN523,ten_tinh,0))) | CQ523: =IF(ISBLANK(CP523),"",INDEX(mahuyen,MATCH(CONCATENATE(CO523,"-",CP523),Loc_trung_huyen,0))) | CZ523: =IF(ISBLANK(CY523),"",INDEX(maquocgia,MATCH(CY523,dm_quocgia,0))) | DE523: =IF(ISBLANK(DD523),"",INDEX(mamoiquanhe,MATCH(DD523,moiquanhe,0))) | DG523: =IF(ISBLANK(DF523),"",INDEX(matinh,MATCH(DF523,ten_tinh,0))) | DI523: =IF(ISBLANK(DH523),"",INDEX(mahuyen,MATCH(CONCATENATE(DG523,"-",DH523),Loc_trung_huyen,0)))
E524: =IF(ISBLANK(D524),"",INDEX(maloaipa,MATCH(D524,loaipa,0))) | U524: =IF(ISBLANK(T524),"",INDEX(Ma_PA,MATCH(T524,'Phương án'!$C$3:C550,0))) | AT524: =IF(ISBLANK(AS524),"",INDEX(maquocgia,MATCH(AS524,dm_quocgia,0))) | AV524: =IF(ISBLANK(AU524),"",INDEX(madantoc,MATCH(AU524,tendantoc,0))) | AX524: {=IFERROR(INDEX(Tinh!A:A,MATCH(TRIM(AW524),Tinh!B:B,0)),"")} | AZ524: {=IFERROR(INDEX('Ngân Hàng'!B:B,MATCH(AY524,'Ngân Hàng'!C:C,0)),"")} | BD524: =IF(ISBLANK(BC524),"",INDEX(matinh,MATCH(BC524,ten_tinh,0))) | BF524: =IF(ISBLANK(BE524),"",INDEX(mahuyen,MATCH(CONCATENATE(BD524,"-",BE524),Loc_trung_huyen,0))) | BI524: =IF(ISBLANK(BH524),"",INDEX(matinh,MATCH(BH524,ten_tinh,0))) | BK524: =IF(ISBLANK(BJ524),"",INDEX(mahuyen,MATCH(CONCATENATE(BI524,"-",BJ524),Loc_trung_huyen,0))) | BN524: =IF(ISBLANK(BM524),"",INDEX(matinh,MATCH(BM524,ten_tinh,0))) | BP524: {=IF(ISBLANK(BO524),"",INDEX(mabenhvien,MATCH(BO524&BN524,tenbenhvien&matinhbenhvien,0)))} | BS524: =IF(ISBLANK(BR524),"",INDEX(matinh,MATCH(BR524,ten_tinh,0))) | BU524: =IF(ISBLANK(BT524),"",INDEX(mahuyen,MATCH(CONCATENATE(BS524,"-",BT524),Loc_trung_huyen,0))) | CI524: =IF(ISBLANK(CH524),"",INDEX(matinh,MATCH(CH524,ten_tinh,0))) | CK524: =IF(ISBLANK(CJ524),"",INDEX(mahuyen,MATCH(CONCATENATE(CI524,"-",CJ524),Loc_trung_huyen,0))) | CO524: =IF(ISBLANK(CN524),"",INDEX(matinh,MATCH(CN524,ten_tinh,0))) | CQ524: =IF(ISBLANK(CP524),"",INDEX(mahuyen,MATCH(CONCATENATE(CO524,"-",CP524),Loc_trung_huyen,0))) | CZ524: =IF(ISBLANK(CY524),"",INDEX(maquocgia,MATCH(CY524,dm_quocgia,0))) | DE524: =IF(ISBLANK(DD524),"",INDEX(mamoiquanhe,MATCH(DD524,moiquanhe,0))) | DG524: =IF(ISBLANK(DF524),"",INDEX(matinh,MATCH(DF524,ten_tinh,0))) | DI524: =IF(ISBLANK(DH524),"",INDEX(mahuyen,MATCH(CONCATENATE(DG524,"-",DH524),Loc_trung_huyen,0)))
E525: =IF(ISBLANK(D525),"",INDEX(maloaipa,MATCH(D525,loaipa,0))) | U525: =IF(ISBLANK(T525),"",INDEX(Ma_PA,MATCH(T525,'Phương án'!$C$3:C551,0))) | AT525: =IF(ISBLANK(AS525),"",INDEX(maquocgia,MATCH(AS525,dm_quocgia,0))) | AV525: =IF(ISBLANK(AU525),"",INDEX(madantoc,MATCH(AU525,tendantoc,0))) | AX525: {=IFERROR(INDEX(Tinh!A:A,MATCH(TRIM(AW525),Tinh!B:B,0)),"")} | AZ525: {=IFERROR(INDEX('Ngân Hàng'!B:B,MATCH(AY525,'Ngân Hàng'!C:C,0)),"")} | BD525: =IF(ISBLANK(BC525),"",INDEX(matinh,MATCH(BC525,ten_tinh,0))) | BF525: =IF(ISBLANK(BE525),"",INDEX(mahuyen,MATCH(CONCATENATE(BD525,"-",BE525),Loc_trung_huyen,0))) | BI525: =IF(ISBLANK(BH525),"",INDEX(matinh,MATCH(BH525,ten_tinh,0))) | BK525: =IF(ISBLANK(BJ525),"",INDEX(mahuyen,MATCH(CONCATENATE(BI525,"-",BJ525),Loc_trung_huyen,0))) | BN525: =IF(ISBLANK(BM525),"",INDEX(matinh,MATCH(BM525,ten_tinh,0))) | BP525: {=IF(ISBLANK(BO525),"",INDEX(mabenhvien,MATCH(BO525&BN525,tenbenhvien&matinhbenhvien,0)))} | BS525: =IF(ISBLANK(BR525),"",INDEX(matinh,MATCH(BR525,ten_tinh,0))) | BU525: =IF(ISBLANK(BT525),"",INDEX(mahuyen,MATCH(CONCATENATE(BS525,"-",BT525),Loc_trung_huyen,0))) | CI525: =IF(ISBLANK(CH525),"",INDEX(matinh,MATCH(CH525,ten_tinh,0))) | CK525: =IF(ISBLANK(CJ525),"",INDEX(mahuyen,MATCH(CONCATENATE(CI525,"-",CJ525),Loc_trung_huyen,0))) | CO525: =IF(ISBLANK(CN525),"",INDEX(matinh,MATCH(CN525,ten_tinh,0))) | CQ525: =IF(ISBLANK(CP525),"",INDEX(mahuyen,MATCH(CONCATENATE(CO525,"-",CP525),Loc_trung_huyen,0))) | CZ525: =IF(ISBLANK(CY525),"",INDEX(maquocgia,MATCH(CY525,dm_quocgia,0))) | DE525: =IF(ISBLANK(DD525),"",INDEX(mamoiquanhe,MATCH(DD525,moiquanhe,0))) | DG525: =IF(ISBLANK(DF525),"",INDEX(matinh,MATCH(DF525,ten_tinh,0))) | DI525: =IF(ISBLANK(DH525),"",INDEX(mahuyen,MATCH(CONCATENATE(DG525,"-",DH525),Loc_trung_huyen,0)))
E526: =IF(ISBLANK(D526),"",INDEX(maloaipa,MATCH(D526,loaipa,0))) | U526: =IF(ISBLANK(T526),"",INDEX(Ma_PA,MATCH(T526,'Phương án'!$C$3:C552,0))) | AT526: =IF(ISBLANK(AS526),"",INDEX(maquocgia,MATCH(AS526,dm_quocgia,0))) | AV526: =IF(ISBLANK(AU526),"",INDEX(madantoc,MATCH(AU526,tendantoc,0))) | AX526: {=IFERROR(INDEX(Tinh!A:A,MATCH(TRIM(AW526),Tinh!B:B,0)),"")} | AZ526: {=IFERROR(INDEX('Ngân Hàng'!B:B,MATCH(AY526,'Ngân Hàng'!C:C,0)),"")} | BD526: =IF(ISBLANK(BC526),"",INDEX(matinh,MATCH(BC526,ten_tinh,0))) | BF526: =IF(ISBLANK(BE526),"",INDEX(mahuyen,MATCH(CONCATENATE(BD526,"-",BE526),Loc_trung_huyen,0))) | BI526: =IF(ISBLANK(BH526),"",INDEX(matinh,MATCH(BH526,ten_tinh,0))) | BK526: =IF(ISBLANK(BJ526),"",INDEX(mahuyen,MATCH(CONCATENATE(BI526,"-",BJ526),Loc_trung_huyen,0))) | BN526: =IF(ISBLANK(BM526),"",INDEX(matinh,MATCH(BM526,ten_tinh,0))) | BP526: {=IF(ISBLANK(BO526),"",INDEX(mabenhvien,MATCH(BO526&BN526,tenbenhvien&matinhbenhvien,0)))} | BS526: =IF(ISBLANK(BR526),"",INDEX(matinh,MATCH(BR526,ten_tinh,0))) | BU526: =IF(ISBLANK(BT526),"",INDEX(mahuyen,MATCH(CONCATENATE(BS526,"-",BT526),Loc_trung_huyen,0))) | CI526: =IF(ISBLANK(CH526),"",INDEX(matinh,MATCH(CH526,ten_tinh,0))) | CK526: =IF(ISBLANK(CJ526),"",INDEX(mahuyen,MATCH(CONCATENATE(CI526,"-",CJ526),Loc_trung_huyen,0))) | CO526: =IF(ISBLANK(CN526),"",INDEX(matinh,MATCH(CN526,ten_tinh,0))) | CQ526: =IF(ISBLANK(CP526),"",INDEX(mahuyen,MATCH(CONCATENATE(CO526,"-",CP526),Loc_trung_huyen,0))) | CZ526: =IF(ISBLANK(CY526),"",INDEX(maquocgia,MATCH(CY526,dm_quocgia,0))) | DE526: =IF(ISBLANK(DD526),"",INDEX(mamoiquanhe,MATCH(DD526,moiquanhe,0))) | DG526: =IF(ISBLANK(DF526),"",INDEX(matinh,MATCH(DF526,ten_tinh,0))) | DI526: =IF(ISBLANK(DH526),"",INDEX(mahuyen,MATCH(CONCATENATE(DG526,"-",DH526),Loc_trung_huyen,0)))
E527: =IF(ISBLANK(D527),"",INDEX(maloaipa,MATCH(D527,loaipa,0))) | U527: =IF(ISBLANK(T527),"",INDEX(Ma_PA,MATCH(T527,'Phương án'!$C$3:C553,0))) | AT527: =IF(ISBLANK(AS527),"",INDEX(maquocgia,MATCH(AS527,dm_quocgia,0))) | AV527: =IF(ISBLANK(AU527),"",INDEX(madantoc,MATCH(AU527,tendantoc,0))) | AX527: {=IFERROR(INDEX(Tinh!A:A,MATCH(TRIM(AW527),Tinh!B:B,0)),"")} | AZ527: {=IFERROR(INDEX('Ngân Hàng'!B:B,MATCH(AY527,'Ngân Hàng'!C:C,0)),"")} | BD527: =IF(ISBLANK(BC527),"",INDEX(matinh,MATCH(BC527,ten_tinh,0))) | BF527: =IF(ISBLANK(BE527),"",INDEX(mahuyen,MATCH(CONCATENATE(BD527,"-",BE527),Loc_trung_huyen,0))) | BI527: =IF(ISBLANK(BH527),"",INDEX(matinh,MATCH(BH527,ten_tinh,0))) | BK527: =IF(ISBLANK(BJ527),"",INDEX(mahuyen,MATCH(CONCATENATE(BI527,"-",BJ527),Loc_trung_huyen,0))) | BN527: =IF(ISBLANK(BM527),"",INDEX(matinh,MATCH(BM527,ten_tinh,0))) | BP527: {=IF(ISBLANK(BO527),"",INDEX(mabenhvien,MATCH(BO527&BN527,tenbenhvien&matinhbenhvien,0)))} | BS527: =IF(ISBLANK(BR527),"",INDEX(matinh,MATCH(BR527,ten_tinh,0))) | BU527: =IF(ISBLANK(BT527),"",INDEX(mahuyen,MATCH(CONCATENATE(BS527,"-",BT527),Loc_trung_huyen,0))) | CI527: =IF(ISBLANK(CH527),"",INDEX(matinh,MATCH(CH527,ten_tinh,0))) | CK527: =IF(ISBLANK(CJ527),"",INDEX(mahuyen,MATCH(CONCATENATE(CI527,"-",CJ527),Loc_trung_huyen,0))) | CO527: =IF(ISBLANK(CN527),"",INDEX(matinh,MATCH(CN527,ten_tinh,0))) | CQ527: =IF(ISBLANK(CP527),"",INDEX(mahuyen,MATCH(CONCATENATE(CO527,"-",CP527),Loc_trung_huyen,0))) | CZ527: =IF(ISBLANK(CY527),"",INDEX(maquocgia,MATCH(CY527,dm_quocgia,0))) | DE527: =IF(ISBLANK(DD527),"",INDEX(mamoiquanhe,MATCH(DD527,moiquanhe,0))) | DG527: =IF(ISBLANK(DF527),"",INDEX(matinh,MATCH(DF527,ten_tinh,0))) | DI527: =IF(ISBLANK(DH527),"",INDEX(mahuyen,MATCH(CONCATENATE(DG527,"-",DH527),Loc_trung_huyen,0)))
E528: =IF(ISBLANK(D528),"",INDEX(maloaipa,MATCH(D528,loaipa,0))) | U528: =IF(ISBLANK(T528),"",INDEX(Ma_PA,MATCH(T528,'Phương án'!$C$3:C554,0))) | AT528: =IF(ISBLANK(AS528),"",INDEX(maquocgia,MATCH(AS528,dm_quocgia,0))) | AV528: =IF(ISBLANK(AU528),"",INDEX(madantoc,MATCH(AU528,tendantoc,0))) | AX528: {=IFERROR(INDEX(Tinh!A:A,MATCH(TRIM(AW528),Tinh!B:B,0)),"")} | AZ528: {=IFERROR(INDEX('Ngân Hàng'!B:B,MATCH(AY528,'Ngân Hàng'!C:C,0)),"")} | BD528: =IF(ISBLANK(BC528),"",INDEX(matinh,MATCH(BC528,ten_tinh,0))) | BF528: =IF(ISBLANK(BE528),"",INDEX(mahuyen,MATCH(CONCATENATE(BD528,"-",BE528),Loc_trung_huyen,0))) | BI528: =IF(ISBLANK(BH528),"",INDEX(matinh,MATCH(BH528,ten_tinh,0))) | BK528: =IF(ISBLANK(BJ528),"",INDEX(mahuyen,MATCH(CONCATENATE(BI528,"-",BJ528),Loc_trung_huyen,0))) | BN528: =IF(ISBLANK(BM528),"",INDEX(matinh,MATCH(BM528,ten_tinh,0))) | BP528: {=IF(ISBLANK(BO528),"",INDEX(mabenhvien,MATCH(BO528&BN528,tenbenhvien&matinhbenhvien,0)))} | BS528: =IF(ISBLANK(BR528),"",INDEX(matinh,MATCH(BR528,ten_tinh,0))) | BU528: =IF(ISBLANK(BT528),"",INDEX(mahuyen,MATCH(CONCATENATE(BS528,"-",BT528),Loc_trung_huyen,0))) | CI528: =IF(ISBLANK(CH528),"",INDEX(matinh,MATCH(CH528,ten_tinh,0))) | CK528: =IF(ISBLANK(CJ528),"",INDEX(mahuyen,MATCH(CONCATENATE(CI528,"-",CJ528),Loc_trung_huyen,0))) | CO528: =IF(ISBLANK(CN528),"",INDEX(matinh,MATCH(CN528,ten_tinh,0))) | CQ528: =IF(ISBLANK(CP528),"",INDEX(mahuyen,MATCH(CONCATENATE(CO528,"-",CP528),Loc_trung_huyen,0))) | CZ528: =IF(ISBLANK(CY528),"",INDEX(maquocgia,MATCH(CY528,dm_quocgia,0))) | DE528: =IF(ISBLANK(DD528),"",INDEX(mamoiquanhe,MATCH(DD528,moiquanhe,0))) | DG528: =IF(ISBLANK(DF528),"",INDEX(matinh,MATCH(DF528,ten_tinh,0))) | DI528: =IF(ISBLANK(DH528),"",INDEX(mahuyen,MATCH(CONCATENATE(DG528,"-",DH528),Loc_trung_huyen,0)))
... E552: =IF(ISBLANK(D552),"",INDEX(maloaipa,MATCH(D552,loaipa,0))) | U552: =IF(ISBLANK(T552),"",INDEX(Ma_PA,MATCH(T552,'Phương án'!$C$3:C578,0))) | AT552: =IF(ISBLANK(AS552),"",INDEX(maquocgia,MATCH(AS552,dm_quocgia,0))) | AV552: =IF(ISBLANK(AU552),"",INDEX(madantoc,MATCH(AU552,tendantoc,0))) | AX552: {=IFERROR(INDEX(Tinh!A:A,MATCH(TRIM(AW552),Tinh!B:B,0)),"")} | AZ552: {=IFERROR(INDEX('Ngân Hàng'!B:B,MATCH(AY552,'Ngân Hàng'!C:C,0)),"")} | BD552: =IF(ISBLANK(BC552),"",INDEX(matinh,MATCH(BC552,ten_tinh,0))) | BF552: =IF(ISBLANK(BE552),"",INDEX(mahuyen,MATCH(CONCATENATE(BD552,"-",BE552),Loc_trung_huyen,0))) | BI552: =IF(ISBLANK(BH552),"",INDEX(matinh,MATCH(BH552,ten_tinh,0))) | BK552: =IF(ISBLANK(BJ552),"",INDEX(mahuyen,MATCH(CONCATENATE(BI552,"-",BJ552),Loc_trung_huyen,0))) | BN552: =IF(ISBLANK(BM552),"",INDEX(matinh,MATCH(BM552,ten_tinh,0))) | BP552: {=IF(ISBLANK(BO552),"",INDEX(mabenhvien,MATCH(BO552&BN552,tenbenhvien&matinhbenhvien,0)))} | BS552: =IF(ISBLANK(BR552),"",INDEX(matinh,MATCH(BR552,ten_tinh,0))) | BU552: =IF(ISBLANK(BT552),"",INDEX(mahuyen,MATCH(CONCATENATE(BS552,"-",BT552),Loc_trung_huyen,0))) | CI552: =IF(ISBLANK(CH552),"",INDEX(matinh,MATCH(CH552,ten_tinh,0))) | CK552: =IF(ISBLANK(CJ552),"",INDEX(mahuyen,MATCH(CONCATENATE(CI552,"-",CJ552),Loc_trung_huyen,0))) | CO552: =IF(ISBLANK(CN552),"",INDEX(matinh,MATCH(CN552,ten_tinh,0))) | CQ552: =IF(ISBLANK(CP552),"",INDEX(mahuyen,MATCH(CONCATENATE(CO552,"-",CP552),Loc_trung_huyen,0))) | CZ552: =IF(ISBLANK(CY552),"",INDEX(maquocgia,MATCH(CY552,dm_quocgia,0))) | DE552: =IF(ISBLANK(DD552),"",INDEX(mamoiquanhe,MATCH(DD552,moiquanhe,0))) | DG552: =IF(ISBLANK(DF552),"",INDEX(matinh,MATCH(DF552,ten_tinh,0))) | DI552: =IF(ISBLANK(DH552),"",INDEX(mahuyen,MATCH(CONCATENATE(DG552,"-",DH552),Loc_trung_huyen,0)))
E553: =IF(ISBLANK(D553),"",INDEX(maloaipa,MATCH(D553,loaipa,0))) | AT553: =IF(ISBLANK(AS553),"",INDEX(maquocgia,MATCH(AS553,dm_quocgia,0))) | AV553: =IF(ISBLANK(AU553),"",INDEX(madantoc,MATCH(AU553,tendantoc,0))) | AX553: {=IFERROR(INDEX(Tinh!A:A,MATCH(TRIM(AW553),Tinh!B:B,0)),"")} | AZ553: {=IFERROR(INDEX('Ngân Hàng'!B:B,MATCH(AY553,'Ngân Hàng'!C:C,0)),"")} | BD553: =IF(ISBLANK(BC553),"",INDEX(matinh,MATCH(BC553,ten_tinh,0))) | BF553: =IF(ISBLANK(BE553),"",INDEX(mahuyen,MATCH(CONCATENATE(BD553,"-",BE553),Loc_trung_huyen,0))) | BI553: =IF(ISBLANK(BH553),"",INDEX(matinh,MATCH(BH553,ten_tinh,0))) | BK553: =IF(ISBLANK(BJ553),"",INDEX(mahuyen,MATCH(CONCATENATE(BI553,"-",BJ553),Loc_trung_huyen,0))) | BN553: =IF(ISBLANK(BM553),"",INDEX(matinh,MATCH(BM553,ten_tinh,0))) | BP553: {=IF(ISBLANK(BO553),"",INDEX(mabenhvien,MATCH(BO553&BN553,tenbenhvien&matinhbenhvien,0)))} | BS553: =IF(ISBLANK(BR553),"",INDEX(matinh,MATCH(BR553,ten_tinh,0))) | BU553: =IF(ISBLANK(BT553),"",INDEX(mahuyen,MATCH(CONCATENATE(BS553,"-",BT553),Loc_trung_huyen,0))) | CI553: =IF(ISBLANK(CH553),"",INDEX(matinh,MATCH(CH553,ten_tinh,0))) | CK553: =IF(ISBLANK(CJ553),"",INDEX(mahuyen,MATCH(CONCATENATE(CI553,"-",CJ553),Loc_trung_huyen,0))) | CO553: =IF(ISBLANK(CN553),"",INDEX(matinh,MATCH(CN553,ten_tinh,0))) | CQ553: =IF(ISBLANK(CP553),"",INDEX(mahuyen,MATCH(CONCATENATE(CO553,"-",CP553),Loc_trung_huyen,0))) | CZ553: =IF(ISBLANK(CY553),"",INDEX(maquocgia,MATCH(CY553,dm_quocgia,0))) | DE553: =IF(ISBLANK(DD553),"",INDEX(mamoiquanhe,MATCH(DD553,moiquanhe,0))) | DG553: =IF(ISBLANK(DF553),"",INDEX(matinh,MATCH(DF553,ten_tinh,0))) | DI553: =IF(ISBLANK(DH553),"",INDEX(mahuyen,MATCH(CONCATENATE(DG553,"-",DH553),Loc_trung_huyen,0)))
E554: =IF(ISBLANK(D554),"",INDEX(maloaipa,MATCH(D554,loaipa,0))) | AT554: =IF(ISBLANK(AS554),"",INDEX(maquocgia,MATCH(AS554,dm_quocgia,0))) | AV554: =IF(ISBLANK(AU554),"",INDEX(madantoc,MATCH(AU554,tendantoc,0))) | AX554: {=IFERROR(INDEX(Tinh!A:A,MATCH(TRIM(AW554),Tinh!B:B,0)),"")} | AZ554: {=IFERROR(INDEX('Ngân Hàng'!B:B,MATCH(AY554,'Ngân Hàng'!C:C,0)),"")} | BD554: =IF(ISBLANK(BC554),"",INDEX(matinh,MATCH(BC554,ten_tinh,0))) | BF554: =IF(ISBLANK(BE554),"",INDEX(mahuyen,MATCH(CONCATENATE(BD554,"-",BE554),Loc_trung_huyen,0))) | BI554: =IF(ISBLANK(BH554),"",INDEX(matinh,MATCH(BH554,ten_tinh,0))) | BK554: =IF(ISBLANK(BJ554),"",INDEX(mahuyen,MATCH(CONCATENATE(BI554,"-",BJ554),Loc_trung_huyen,0))) | BN554: =IF(ISBLANK(BM554),"",INDEX(matinh,MATCH(BM554,ten_tinh,0))) | BP554: {=IF(ISBLANK(BO554),"",INDEX(mabenhvien,MATCH(BO554&BN554,tenbenhvien&matinhbenhvien,0)))} | BS554: =IF(ISBLANK(BR554),"",INDEX(matinh,MATCH(BR554,ten_tinh,0))) | BU554: =IF(ISBLANK(BT554),"",INDEX(mahuyen,MATCH(CONCATENATE(BS554,"-",BT554),Loc_trung_huyen,0))) | CI554: =IF(ISBLANK(CH554),"",INDEX(matinh,MATCH(CH554,ten_tinh,0))) | CK554: =IF(ISBLANK(CJ554),"",INDEX(mahuyen,MATCH(CONCATENATE(CI554,"-",CJ554),Loc_trung_huyen,0))) | CO554: =IF(ISBLANK(CN554),"",INDEX(matinh,MATCH(CN554,ten_tinh,0))) | CQ554: =IF(ISBLANK(CP554),"",INDEX(mahuyen,MATCH(CONCATENATE(CO554,"-",CP554),Loc_trung_huyen,0))) | CZ554: =IF(ISBLANK(CY554),"",INDEX(maquocgia,MATCH(CY554,dm_quocgia,0))) | DE554: =IF(ISBLANK(DD554),"",INDEX(mamoiquanhe,MATCH(DD554,moiquanhe,0))) | DG554: =IF(ISBLANK(DF554),"",INDEX(matinh,MATCH(DF554,ten_tinh,0))) | DI554: =IF(ISBLANK(DH554),"",INDEX(mahuyen,MATCH(CONCATENATE(DG554,"-",DH554),Loc_trung_huyen,0)))
E555: =IF(ISBLANK(D555),"",INDEX(maloaipa,MATCH(D555,loaipa,0))) | AT555: =IF(ISBLANK(AS555),"",INDEX(maquocgia,MATCH(AS555,dm_quocgia,0))) | AV555: =IF(ISBLANK(AU555),"",INDEX(madantoc,MATCH(AU555,tendantoc,0))) | AX555: {=IFERROR(INDEX(Tinh!A:A,MATCH(TRIM(AW555),Tinh!B:B,0)),"")} | AZ555: {=IFERROR(INDEX('Ngân Hàng'!B:B,MATCH(AY555,'Ngân Hàng'!C:C,0)),"")} | BD555: =IF(ISBLANK(BC555),"",INDEX(matinh,MATCH(BC555,ten_tinh,0))) | BF555: =IF(ISBLANK(BE555),"",INDEX(mahuyen,MATCH(CONCATENATE(BD555,"-",BE555),Loc_trung_huyen,0))) | BI555: =IF(ISBLANK(BH555),"",INDEX(matinh,MATCH(BH555,ten_tinh,0))) | BK555: =IF(ISBLANK(BJ555),"",INDEX(mahuyen,MATCH(CONCATENATE(BI555,"-",BJ555),Loc_trung_huyen,0))) | BN555: =IF(ISBLANK(BM555),"",INDEX(matinh,MATCH(BM555,ten_tinh,0))) | BP555: {=IF(ISBLANK(BO555),"",INDEX(mabenhvien,MATCH(BO555&BN555,tenbenhvien&matinhbenhvien,0)))} | BS555: =IF(ISBLANK(BR555),"",INDEX(matinh,MATCH(BR555,ten_tinh,0))) | BU555: =IF(ISBLANK(BT555),"",INDEX(mahuyen,MATCH(CONCATENATE(BS555,"-",BT555),Loc_trung_huyen,0))) | CI555: =IF(ISBLANK(CH555),"",INDEX(matinh,MATCH(CH555,ten_tinh,0))) | CK555: =IF(ISBLANK(CJ555),"",INDEX(mahuyen,MATCH(CONCATENATE(CI555,"-",CJ555),Loc_trung_huyen,0))) | CO555: =IF(ISBLANK(CN555),"",INDEX(matinh,MATCH(CN555,ten_tinh,0))) | CQ555: =IF(ISBLANK(CP555),"",INDEX(mahuyen,MATCH(CONCATENATE(CO555,"-",CP555),Loc_trung_huyen,0))) | DE555: =IF(ISBLANK(DD555),"",INDEX(mamoiquanhe,MATCH(DD555,moiquanhe,0))) | DG555: =IF(ISBLANK(DF555),"",INDEX(matinh,MATCH(DF555,ten_tinh,0))) | DI555: =IF(ISBLANK(DH555),"",INDEX(mahuyen,MATCH(CONCATENATE(DG555,"-",DH555),Loc_trung_huyen,0)))
E556: =IF(ISBLANK(D556),"",INDEX(maloaipa,MATCH(D556,loaipa,0))) | AT556: =IF(ISBLANK(AS556),"",INDEX(maquocgia,MATCH(AS556,dm_quocgia,0))) | AV556: =IF(ISBLANK(AU556),"",INDEX(madantoc,MATCH(AU556,tendantoc,0))) | AX556: {=IFERROR(INDEX(Tinh!A:A,MATCH(TRIM(AW556),Tinh!B:B,0)),"")} | AZ556: {=IFERROR(INDEX('Ngân Hàng'!B:B,MATCH(AY556,'Ngân Hàng'!C:C,0)),"")} | BD556: =IF(ISBLANK(BC556),"",INDEX(matinh,MATCH(BC556,ten_tinh,0))) | BF556: =IF(ISBLANK(BE556),"",INDEX(mahuyen,MATCH(CONCATENATE(BD556,"-",BE556),Loc_trung_huyen,0))) | BI556: =IF(ISBLANK(BH556),"",INDEX(matinh,MATCH(BH556,ten_tinh,0))) | BK556: =IF(ISBLANK(BJ556),"",INDEX(mahuyen,MATCH(CONCATENATE(BI556,"-",BJ556),Loc_trung_huyen,0))) | BN556: =IF(ISBLANK(BM556),"",INDEX(matinh,MATCH(BM556,ten_tinh,0))) | BP556: {=IF(ISBLANK(BO556),"",INDEX(mabenhvien,MATCH(BO556&BN556,tenbenhvien&matinhbenhvien,0)))} | BS556: =IF(ISBLANK(BR556),"",INDEX(matinh,MATCH(BR556,ten_tinh,0))) | BU556: =IF(ISBLANK(BT556),"",INDEX(mahuyen,MATCH(CONCATENATE(BS556,"-",BT556),Loc_trung_huyen,0))) | CI556: =IF(ISBLANK(CH556),"",INDEX(matinh,MATCH(CH556,ten_tinh,0))) | CK556: =IF(ISBLANK(CJ556),"",INDEX(mahuyen,MATCH(CONCATENATE(CI556,"-",CJ556),Loc_trung_huyen,0))) | CO556: =IF(ISBLANK(CN556),"",INDEX(matinh,MATCH(CN556,ten_tinh,0))) | CQ556: =IF(ISBLANK(CP556),"",INDEX(mahuyen,MATCH(CONCATENATE(CO556,"-",CP556),Loc_trung_huyen,0))) | DE556: =IF(ISBLANK(DD556),"",INDEX(mamoiquanhe,MATCH(DD556,moiquanhe,0))) | DG556: =IF(ISBLANK(DF556),"",INDEX(matinh,MATCH(DF556,ten_tinh,0))) | DI556: =IF(ISBLANK(DH556),"",INDEX(mahuyen,MATCH(CONCATENATE(DG556,"-",DH556),Loc_trung_huyen,0)))
E557: =IF(ISBLANK(D557),"",INDEX(maloaipa,MATCH(D557,loaipa,0))) | AT557: =IF(ISBLANK(AS557),"",INDEX(maquocgia,MATCH(AS557,dm_quocgia,0))) | AV557: =IF(ISBLANK(AU557),"",INDEX(madantoc,MATCH(AU557,tendantoc,0))) | AX557: {=IFERROR(INDEX(Tinh!A:A,MATCH(TRIM(AW557),Tinh!B:B,0)),"")} | AZ557: {=IFERROR(INDEX('Ngân Hàng'!B:B,MATCH(AY557,'Ngân Hàng'!C:C,0)),"")} | BD557: =IF(ISBLANK(BC557),"",INDEX(matinh,MATCH(BC557,ten_tinh,0))) | BF557: =IF(ISBLANK(BE557),"",INDEX(mahuyen,MATCH(CONCATENATE(BD557,"-",BE557),Loc_trung_huyen,0))) | BI557: =IF(ISBLANK(BH557),"",INDEX(matinh,MATCH(BH557,ten_tinh,0))) | BK557: =IF(ISBLANK(BJ557),"",INDEX(mahuyen,MATCH(CONCATENATE(BI557,"-",BJ557),Loc_trung_huyen,0))) | BN557: =IF(ISBLANK(BM557),"",INDEX(matinh,MATCH(BM557,ten_tinh,0))) | BP557: {=IF(ISBLANK(BO557),"",INDEX(mabenhvien,MATCH(BO557&BN557,tenbenhvien&matinhbenhvien,0)))} | BS557: =IF(ISBLANK(BR557),"",INDEX(matinh,MATCH(BR557,ten_tinh,0))) | BU557: =IF(ISBLANK(BT557),"",INDEX(mahuyen,MATCH(CONCATENATE(BS557,"-",BT557),Loc_trung_huyen,0))) | CI557: =IF(ISBLANK(CH557),"",INDEX(matinh,MATCH(CH557,ten_tinh,0))) | CK557: =IF(ISBLANK(CJ557),"",INDEX(mahuyen,MATCH(CONCATENATE(CI557,"-",CJ557),Loc_trung_huyen,0))) | CO557: =IF(ISBLANK(CN557),"",INDEX(matinh,MATCH(CN557,ten_tinh,0))) | CQ557: =IF(ISBLANK(CP557),"",INDEX(mahuyen,MATCH(CONCATENATE(CO557,"-",CP557),Loc_trung_huyen,0))) | DE557: =IF(ISBLANK(DD557),"",INDEX(mamoiquanhe,MATCH(DD557,moiquanhe,0))) | DG557: =IF(ISBLANK(DF557),"",INDEX(matinh,MATCH(DF557,ten_tinh,0))) | DI557: =IF(ISBLANK(DH557),"",INDEX(mahuyen,MATCH(CONCATENATE(DG557,"-",DH557),Loc_trung_huyen,0)))
E558: =IF(ISBLANK(D558),"",INDEX(maloaipa,MATCH(D558,loaipa,0))) | AT558: =IF(ISBLANK(AS558),"",INDEX(maquocgia,MATCH(AS558,dm_quocgia,0))) | AV558: =IF(ISBLANK(AU558),"",INDEX(madantoc,MATCH(AU558,tendantoc,0))) | AX558: {=IFERROR(INDEX(Tinh!A:A,MATCH(TRIM(AW558),Tinh!B:B,0)),"")} | AZ558: {=IFERROR(INDEX('Ngân Hàng'!B:B,MATCH(AY558,'Ngân Hàng'!C:C,0)),"")} | BD558: =IF(ISBLANK(BC558),"",INDEX(matinh,MATCH(BC558,ten_tinh,0))) | BF558: =IF(ISBLANK(BE558),"",INDEX(mahuyen,MATCH(CONCATENATE(BD558,"-",BE558),Loc_trung_huyen,0))) | BI558: =IF(ISBLANK(BH558),"",INDEX(matinh,MATCH(BH558,ten_tinh,0))) | BK558: =IF(ISBLANK(BJ558),"",INDEX(mahuyen,MATCH(CONCATENATE(BI558,"-",BJ558),Loc_trung_huyen,0))) | BN558: =IF(ISBLANK(BM558),"",INDEX(matinh,MATCH(BM558,ten_tinh,0))) | BP558: {=IF(ISBLANK(BO558),"",INDEX(mabenhvien,MATCH(BO558&BN558,tenbenhvien&matinhbenhvien,0)))} | BS558: =IF(ISBLANK(BR558),"",INDEX(matinh,MATCH(BR558,ten_tinh,0))) | BU558: =IF(ISBLANK(BT558),"",INDEX(mahuyen,MATCH(CONCATENATE(BS558,"-",BT558),Loc_trung_huyen,0))) | CI558: =IF(ISBLANK(CH558),"",INDEX(matinh,MATCH(CH558,ten_tinh,0))) | CK558: =IF(ISBLANK(CJ558),"",INDEX(mahuyen,MATCH(CONCATENATE(CI558,"-",CJ558),Loc_trung_huyen,0))) | CO558: =IF(ISBLANK(CN558),"",INDEX(matinh,MATCH(CN558,ten_tinh,0))) | CQ558: =IF(ISBLANK(CP558),"",INDEX(mahuyen,MATCH(CONCATENATE(CO558,"-",CP558),Loc_trung_huyen,0))) | DE558: =IF(ISBLANK(DD558),"",INDEX(mamoiquanhe,MATCH(DD558,moiquanhe,0))) | DG558: =IF(ISBLANK(DF558),"",INDEX(matinh,MATCH(DF558,ten_tinh,0))) | DI558: =IF(ISBLANK(DH558),"",INDEX(mahuyen,MATCH(CONCATENATE(DG558,"-",DH558),Loc_trung_huyen,0)))
E559: =IF(ISBLANK(D559),"",INDEX(maloaipa,MATCH(D559,loaipa,0))) | AT559: =IF(ISBLANK(AS559),"",INDEX(maquocgia,MATCH(AS559,dm_quocgia,0))) | AV559: =IF(ISBLANK(AU559),"",INDEX(madantoc,MATCH(AU559,tendantoc,0))) | AX559: {=IFERROR(INDEX(Tinh!A:A,MATCH(TRIM(AW559),Tinh!B:B,0)),"")} | AZ559: {=IFERROR(INDEX('Ngân Hàng'!B:B,MATCH(AY559,'Ngân Hàng'!C:C,0)),"")} | BD559: =IF(ISBLANK(BC559),"",INDEX(matinh,MATCH(BC559,ten_tinh,0))) | BF559: =IF(ISBLANK(BE559),"",INDEX(mahuyen,MATCH(CONCATENATE(BD559,"-",BE559),Loc_trung_huyen,0))) | BI559: =IF(ISBLANK(BH559),"",INDEX(matinh,MATCH(BH559,ten_tinh,0))) | BK559: =IF(ISBLANK(BJ559),"",INDEX(mahuyen,MATCH(CONCATENATE(BI559,"-",BJ559),Loc_trung_huyen,0))) | BN559: =IF(ISBLANK(BM559),"",INDEX(matinh,MATCH(BM559,ten_tinh,0))) | BP559: {=IF(ISBLANK(BO559),"",INDEX(mabenhvien,MATCH(BO559&BN559,tenbenhvien&matinhbenhvien,0)))} | BS559: =IF(ISBLANK(BR559),"",INDEX(matinh,MATCH(BR559,ten_tinh,0))) | BU559: =IF(ISBLANK(BT559),"",INDEX(mahuyen,MATCH(CONCATENATE(BS559,"-",BT559),Loc_trung_huyen,0))) | CI559: =IF(ISBLANK(CH559),"",INDEX(matinh,MATCH(CH559,ten_tinh,0))) | CK559: =IF(ISBLANK(CJ559),"",INDEX(mahuyen,MATCH(CONCATENATE(CI559,"-",CJ559),Loc_trung_huyen,0))) | CO559: =IF(ISBLANK(CN559),"",INDEX(matinh,MATCH(CN559,ten_tinh,0))) | CQ559: =IF(ISBLANK(CP559),"",INDEX(mahuyen,MATCH(CONCATENATE(CO559,"-",CP559),Loc_trung_huyen,0))) | DE559: =IF(ISBLANK(DD559),"",INDEX(mamoiquanhe,MATCH(DD559,moiquanhe,0))) | DG559: =IF(ISBLANK(DF559),"",INDEX(matinh,MATCH(DF559,ten_tinh,0))) | DI559: =IF(ISBLANK(DH559),"",INDEX(mahuyen,MATCH(CONCATENATE(DG559,"-",DH559),Loc_trung_huyen,0)))
E560: =IF(ISBLANK(D560),"",INDEX(maloaipa,MATCH(D560,loaipa,0))) | AT560: =IF(ISBLANK(AS560),"",INDEX(maquocgia,MATCH(AS560,dm_quocgia,0))) | AV560: =IF(ISBLANK(AU560),"",INDEX(madantoc,MATCH(AU560,tendantoc,0))) | AX560: {=IFERROR(INDEX(Tinh!A:A,MATCH(TRIM(AW560),Tinh!B:B,0)),"")} | AZ560: {=IFERROR(INDEX('Ngân Hàng'!B:B,MATCH(AY560,'Ngân Hàng'!C:C,0)),"")} | BD560: =IF(ISBLANK(BC560),"",INDEX(matinh,MATCH(BC560,ten_tinh,0))) | BF560: =IF(ISBLANK(BE560),"",INDEX(mahuyen,MATCH(CONCATENATE(BD560,"-",BE560),Loc_trung_huyen,0))) | BI560: =IF(ISBLANK(BH560),"",INDEX(matinh,MATCH(BH560,ten_tinh,0))) | BK560: =IF(ISBLANK(BJ560),"",INDEX(mahuyen,MATCH(CONCATENATE(BI560,"-",BJ560),Loc_trung_huyen,0))) | BN560: =IF(ISBLANK(BM560),"",INDEX(matinh,MATCH(BM560,ten_tinh,0))) | BP560: {=IF(ISBLANK(BO560),"",INDEX(mabenhvien,MATCH(BO560&BN560,tenbenhvien&matinhbenhvien,0)))} | BS560: =IF(ISBLANK(BR560),"",INDEX(matinh,MATCH(BR560,ten_tinh,0))) | BU560: =IF(ISBLANK(BT560),"",INDEX(mahuyen,MATCH(CONCATENATE(BS560,"-",BT560),Loc_trung_huyen,0))) | CI560: =IF(ISBLANK(CH560),"",INDEX(matinh,MATCH(CH560,ten_tinh,0))) | CK560: =IF(ISBLANK(CJ560),"",INDEX(mahuyen,MATCH(CONCATENATE(CI560,"-",CJ560),Loc_trung_huyen,0))) | CO560: =IF(ISBLANK(CN560),"",INDEX(matinh,MATCH(CN560,ten_tinh,0))) | CQ560: =IF(ISBLANK(CP560),"",INDEX(mahuyen,MATCH(CONCATENATE(CO560,"-",CP560),Loc_trung_huyen,0))) | DE560: =IF(ISBLANK(DD560),"",INDEX(mamoiquanhe,MATCH(DD560,moiquanhe,0))) | DG560: =IF(ISBLANK(DF560),"",INDEX(matinh,MATCH(DF560,ten_tinh,0))) | DI560: =IF(ISBLANK(DH560),"",INDEX(mahuyen,MATCH(CONCATENATE(DG560,"-",DH560),Loc_trung_huyen,0)))
AT561: =IF(ISBLANK(AS561),"",INDEX(maquocgia,MATCH(AS561,dm_quocgia,0))) | AV561: =IF(ISBLANK(AU561),"",INDEX(madantoc,MATCH(AU561,tendantoc,0))) | AX561: {=IFERROR(INDEX(Tinh!A:A,MATCH(TRIM(AW561),Tinh!B:B,0)),"")} | AZ561: {=IFERROR(INDEX('Ngân Hàng'!B:B,MATCH(AY561,'Ngân Hàng'!C:C,0)),"")} | BD561: =IF(ISBLANK(BC561),"",INDEX(matinh,MATCH(BC561,ten_tinh,0))) | BF561: =IF(ISBLANK(BE561),"",INDEX(mahuyen,MATCH(CONCATENATE(BD561,"-",BE561),Loc_trung_huyen,0))) | BI561: =IF(ISBLANK(BH561),"",INDEX(matinh,MATCH(BH561,ten_tinh,0))) | BK561: =IF(ISBLANK(BJ561),"",INDEX(mahuyen,MATCH(CONCATENATE(BI561,"-",BJ561),Loc_trung_huyen,0))) | BN561: =IF(ISBLANK(BM561),"",INDEX(matinh,MATCH(BM561,ten_tinh,0))) | BP561: {=IF(ISBLANK(BO561),"",INDEX(mabenhvien,MATCH(BO561&BN561,tenbenhvien&matinhbenhvien,0)))} | BS561: =IF(ISBLANK(BR561),"",INDEX(matinh,MATCH(BR561,ten_tinh,0))) | BU561: =IF(ISBLANK(BT561),"",INDEX(mahuyen,MATCH(CONCATENATE(BS561,"-",BT561),Loc_trung_huyen,0))) | CI561: =IF(ISBLANK(CH561),"",INDEX(matinh,MATCH(CH561,ten_tinh,0))) | CK561: =IF(ISBLANK(CJ561),"",INDEX(mahuyen,MATCH(CONCATENATE(CI561,"-",CJ561),Loc_trung_huyen,0))) | CO561: =IF(ISBLANK(CN561),"",INDEX(matinh,MATCH(CN561,ten_tinh,0))) | CQ561: =IF(ISBLANK(CP561),"",INDEX(mahuyen,MATCH(CONCATENATE(CO561,"-",CP561),Loc_trung_huyen,0))) | DE561: =IF(ISBLANK(DD561),"",INDEX(mamoiquanhe,MATCH(DD561,moiquanhe,0))) | DG561: =IF(ISBLANK(DF561),"",INDEX(matinh,MATCH(DF561,ten_tinh,0))) | DI561: =IF(ISBLANK(DH561),"",INDEX(mahuyen,MATCH(CONCATENATE(DG561,"-",DH561),Loc_trung_huyen,0)))
AT562: =IF(ISBLANK(AS562),"",INDEX(maquocgia,MATCH(AS562,dm_quocgia,0))) | AV562: =IF(ISBLANK(AU562),"",INDEX(madantoc,MATCH(AU562,tendantoc,0))) | AX562: {=IFERROR(INDEX(Tinh!A:A,MATCH(TRIM(AW562),Tinh!B:B,0)),"")} | AZ562: {=IFERROR(INDEX('Ngân Hàng'!B:B,MATCH(AY562,'Ngân Hàng'!C:C,0)),"")} | BD562: =IF(ISBLANK(BC562),"",INDEX(matinh,MATCH(BC562,ten_tinh,0))) | BF562: =IF(ISBLANK(BE562),"",INDEX(mahuyen,MATCH(CONCATENATE(BD562,"-",BE562),Loc_trung_huyen,0))) | BI562: =IF(ISBLANK(BH562),"",INDEX(matinh,MATCH(BH562,ten_tinh,0))) | BK562: =IF(ISBLANK(BJ562),"",INDEX(mahuyen,MATCH(CONCATENATE(BI562,"-",BJ562),Loc_trung_huyen,0))) | BN562: =IF(ISBLANK(BM562),"",INDEX(matinh,MATCH(BM562,ten_tinh,0))) | BP562: {=IF(ISBLANK(BO562),"",INDEX(mabenhvien,MATCH(BO562&BN562,tenbenhvien&matinhbenhvien,0)))} | BS562: =IF(ISBLANK(BR562),"",INDEX(matinh,MATCH(BR562,ten_tinh,0))) | BU562: =IF(ISBLANK(BT562),"",INDEX(mahuyen,MATCH(CONCATENATE(BS562,"-",BT562),Loc_trung_huyen,0))) | CI562: =IF(ISBLANK(CH562),"",INDEX(matinh,MATCH(CH562,ten_tinh,0))) | CK562: =IF(ISBLANK(CJ562),"",INDEX(mahuyen,MATCH(CONCATENATE(CI562,"-",CJ562),Loc_trung_huyen,0))) | CO562: =IF(ISBLANK(CN562),"",INDEX(matinh,MATCH(CN562,ten_tinh,0))) | CQ562: =IF(ISBLANK(CP562),"",INDEX(mahuyen,MATCH(CONCATENATE(CO562,"-",CP562),Loc_trung_huyen,0))) | DE562: =IF(ISBLANK(DD562),"",INDEX(mamoiquanhe,MATCH(DD562,moiquanhe,0))) | DG562: =IF(ISBLANK(DF562),"",INDEX(matinh,MATCH(DF562,ten_tinh,0))) | DI562: =IF(ISBLANK(DH562),"",INDEX(mahuyen,MATCH(CONCATENATE(DG562,"-",DH562),Loc_trung_huyen,0)))
AT563: =IF(ISBLANK(AS563),"",INDEX(maquocgia,MATCH(AS563,dm_quocgia,0))) | AV563: =IF(ISBLANK(AU563),"",INDEX(madantoc,MATCH(AU563,tendantoc,0))) | AX563: {=IFERROR(INDEX(Tinh!A:A,MATCH(TRIM(AW563),Tinh!B:B,0)),"")} | AZ563: {=IFERROR(INDEX('Ngân Hàng'!B:B,MATCH(AY563,'Ngân Hàng'!C:C,0)),"")} | BD563: =IF(ISBLANK(BC563),"",INDEX(matinh,MATCH(BC563,ten_tinh,0))) | BF563: =IF(ISBLANK(BE563),"",INDEX(mahuyen,MATCH(CONCATENATE(BD563,"-",BE563),Loc_trung_huyen,0))) | BI563: =IF(ISBLANK(BH563),"",INDEX(matinh,MATCH(BH563,ten_tinh,0))) | BK563: =IF(ISBLANK(BJ563),"",INDEX(mahuyen,MATCH(CONCATENATE(BI563,"-",BJ563),Loc_trung_huyen,0))) | BN563: =IF(ISBLANK(BM563),"",INDEX(matinh,MATCH(BM563,ten_tinh,0))) | BP563: {=IF(ISBLANK(BO563),"",INDEX(mabenhvien,MATCH(BO563&BN563,tenbenhvien&matinhbenhvien,0)))} | BS563: =IF(ISBLANK(BR563),"",INDEX(matinh,MATCH(BR563,ten_tinh,0))) | BU563: =IF(ISBLANK(BT563),"",INDEX(mahuyen,MATCH(CONCATENATE(BS563,"-",BT563),Loc_trung_huyen,0))) | CI563: =IF(ISBLANK(CH563),"",INDEX(matinh,MATCH(CH563,ten_tinh,0))) | CK563: =IF(ISBLANK(CJ563),"",INDEX(mahuyen,MATCH(CONCATENATE(CI563,"-",CJ563),Loc_trung_huyen,0))) | CO563: =IF(ISBLANK(CN563),"",INDEX(matinh,MATCH(CN563,ten_tinh,0))) | CQ563: =IF(ISBLANK(CP563),"",INDEX(mahuyen,MATCH(CONCATENATE(CO563,"-",CP563),Loc_trung_huyen,0))) | DE563: =IF(ISBLANK(DD563),"",INDEX(mamoiquanhe,MATCH(DD563,moiquanhe,0))) | DG563: =IF(ISBLANK(DF563),"",INDEX(matinh,MATCH(DF563,ten_tinh,0))) | DI563: =IF(ISBLANK(DH563),"",INDEX(mahuyen,MATCH(CONCATENATE(DG563,"-",DH563),Loc_trung_huyen,0)))
AT564: =IF(ISBLANK(AS564),"",INDEX(maquocgia,MATCH(AS564,dm_quocgia,0))) | AV564: =IF(ISBLANK(AU564),"",INDEX(madantoc,MATCH(AU564,tendantoc,0))) | AX564: {=IFERROR(INDEX(Tinh!A:A,MATCH(TRIM(AW564),Tinh!B:B,0)),"")} | AZ564: {=IFERROR(INDEX('Ngân Hàng'!B:B,MATCH(AY564,'Ngân Hàng'!C:C,0)),"")} | BD564: =IF(ISBLANK(BC564),"",INDEX(matinh,MATCH(BC564,ten_tinh,0))) | BF564: =IF(ISBLANK(BE564),"",INDEX(mahuyen,MATCH(CONCATENATE(BD564,"-",BE564),Loc_trung_huyen,0))) | BI564: =IF(ISBLANK(BH564),"",INDEX(matinh,MATCH(BH564,ten_tinh,0))) | BK564: =IF(ISBLANK(BJ564),"",INDEX(mahuyen,MATCH(CONCATENATE(BI564,"-",BJ564),Loc_trung_huyen,0))) | BN564: =IF(ISBLANK(BM564),"",INDEX(matinh,MATCH(BM564,ten_tinh,0))) | BP564: {=IF(ISBLANK(BO564),"",INDEX(mabenhvien,MATCH(BO564&BN564,tenbenhvien&matinhbenhvien,0)))} | BS564: =IF(ISBLANK(BR564),"",INDEX(matinh,MATCH(BR564,ten_tinh,0))) | BU564: =IF(ISBLANK(BT564),"",INDEX(mahuyen,MATCH(CONCATENATE(BS564,"-",BT564),Loc_trung_huyen,0))) | CI564: =IF(ISBLANK(CH564),"",INDEX(matinh,MATCH(CH564,ten_tinh,0))) | CK564: =IF(ISBLANK(CJ564),"",INDEX(mahuyen,MATCH(CONCATENATE(CI564,"-",CJ564),Loc_trung_huyen,0))) | CO564: =IF(ISBLANK(CN564),"",INDEX(matinh,MATCH(CN564,ten_tinh,0))) | CQ564: =IF(ISBLANK(CP564),"",INDEX(mahuyen,MATCH(CONCATENATE(CO564,"-",CP564),Loc_trung_huyen,0))) | DE564: =IF(ISBLANK(DD564),"",INDEX(mamoiquanhe,MATCH(DD564,moiquanhe,0))) | DG564: =IF(ISBLANK(DF564),"",INDEX(matinh,MATCH(DF564,ten_tinh,0))) | DI564: =IF(ISBLANK(DH564),"",INDEX(mahuyen,MATCH(CONCATENATE(DG564,"-",DH564),Loc_trung_huyen,0)))
AT565: =IF(ISBLANK(AS565),"",INDEX(maquocgia,MATCH(AS565,dm_quocgia,0))) | AV565: =IF(ISBLANK(AU565),"",INDEX(madantoc,MATCH(AU565,tendantoc,0))) | AX565: {=IFERROR(INDEX(Tinh!A:A,MATCH(TRIM(AW565),Tinh!B:B,0)),"")} | AZ565: {=IFERROR(INDEX('Ngân Hàng'!B:B,MATCH(AY565,'Ngân Hàng'!C:C,0)),"")} | BD565: =IF(ISBLANK(BC565),"",INDEX(matinh,MATCH(BC565,ten_tinh,0))) | BF565: =IF(ISBLANK(BE565),"",INDEX(mahuyen,MATCH(CONCATENATE(BD565,"-",BE565),Loc_trung_huyen,0))) | BI565: =IF(ISBLANK(BH565),"",INDEX(matinh,MATCH(BH565,ten_tinh,0))) | BK565: =IF(ISBLANK(BJ565),"",INDEX(mahuyen,MATCH(CONCATENATE(BI565,"-",BJ565),Loc_trung_huyen,0))) | BN565: =IF(ISBLANK(BM565),"",INDEX(matinh,MATCH(BM565,ten_tinh,0))) | BP565: {=IF(ISBLANK(BO565),"",INDEX(mabenhvien,MATCH(BO565&BN565,tenbenhvien&matinhbenhvien,0)))} | BS565: =IF(ISBLANK(BR565),"",INDEX(matinh,MATCH(BR565,ten_tinh,0))) | BU565: =IF(ISBLANK(BT565),"",INDEX(mahuyen,MATCH(CONCATENATE(BS565,"-",BT565),Loc_trung_huyen,0))) | CI565: =IF(ISBLANK(CH565),"",INDEX(matinh,MATCH(CH565,ten_tinh,0))) | CK565: =IF(ISBLANK(CJ565),"",INDEX(mahuyen,MATCH(CONCATENATE(CI565,"-",CJ565),Loc_trung_huyen,0))) | CO565: =IF(ISBLANK(CN565),"",INDEX(matinh,MATCH(CN565,ten_tinh,0))) | CQ565: =IF(ISBLANK(CP565),"",INDEX(mahuyen,MATCH(CONCATENATE(CO565,"-",CP565),Loc_trung_huyen,0))) | DE565: =IF(ISBLANK(DD565),"",INDEX(mamoiquanhe,MATCH(DD565,moiquanhe,0))) | DG565: =IF(ISBLANK(DF565),"",INDEX(matinh,MATCH(DF565,ten_tinh,0))) | DI565: =IF(ISBLANK(DH565),"",INDEX(mahuyen,MATCH(CONCATENATE(DG565,"-",DH565),Loc_trung_huyen,0)))
AT566: =IF(ISBLANK(AS566),"",INDEX(maquocgia,MATCH(AS566,dm_quocgia,0))) | AV566: =IF(ISBLANK(AU566),"",INDEX(madantoc,MATCH(AU566,tendantoc,0))) | AX566: {=IFERROR(INDEX(Tinh!A:A,MATCH(TRIM(AW566),Tinh!B:B,0)),"")} | AZ566: {=IFERROR(INDEX('Ngân Hàng'!B:B,MATCH(AY566,'Ngân Hàng'!C:C,0)),"")} | BD566: =IF(ISBLANK(BC566),"",INDEX(matinh,MATCH(BC566,ten_tinh,0))) | BF566: =IF(ISBLANK(BE566),"",INDEX(mahuyen,MATCH(CONCATENATE(BD566,"-",BE566),Loc_trung_huyen,0))) | BI566: =IF(ISBLANK(BH566),"",INDEX(matinh,MATCH(BH566,ten_tinh,0))) | BK566: =IF(ISBLANK(BJ566),"",INDEX(mahuyen,MATCH(CONCATENATE(BI566,"-",BJ566),Loc_trung_huyen,0))) | BN566: =IF(ISBLANK(BM566),"",INDEX(matinh,MATCH(BM566,ten_tinh,0))) | BP566: {=IF(ISBLANK(BO566),"",INDEX(mabenhvien,MATCH(BO566&BN566,tenbenhvien&matinhbenhvien,0)))} | BS566: =IF(ISBLANK(BR566),"",INDEX(matinh,MATCH(BR566,ten_tinh,0))) | BU566: =IF(ISBLANK(BT566),"",INDEX(mahuyen,MATCH(CONCATENATE(BS566,"-",BT566),Loc_trung_huyen,0))) | CI566: =IF(ISBLANK(CH566),"",INDEX(matinh,MATCH(CH566,ten_tinh,0))) | CK566: =IF(ISBLANK(CJ566),"",INDEX(mahuyen,MATCH(CONCATENATE(CI566,"-",CJ566),Loc_trung_huyen,0))) | CO566: =IF(ISBLANK(CN566),"",INDEX(matinh,MATCH(CN566,ten_tinh,0))) | CQ566: =IF(ISBLANK(CP566),"",INDEX(mahuyen,MATCH(CONCATENATE(CO566,"-",CP566),Loc_trung_huyen,0))) | DE566: =IF(ISBLANK(DD566),"",INDEX(mamoiquanhe,MATCH(DD566,moiquanhe,0))) | DG566: =IF(ISBLANK(DF566),"",INDEX(matinh,MATCH(DF566,ten_tinh,0))) | DI566: =IF(ISBLANK(DH566),"",INDEX(mahuyen,MATCH(CONCATENATE(DG566,"-",DH566),Loc_trung_huyen,0)))
AT567: =IF(ISBLANK(AS567),"",INDEX(maquocgia,MATCH(AS567,dm_quocgia,0))) | AV567: =IF(ISBLANK(AU567),"",INDEX(madantoc,MATCH(AU567,tendantoc,0))) | AX567: {=IFERROR(INDEX(Tinh!A:A,MATCH(TRIM(AW567),Tinh!B:B,0)),"")} | AZ567: {=IFERROR(INDEX('Ngân Hàng'!B:B,MATCH(AY567,'Ngân Hàng'!C:C,0)),"")} | BD567: =IF(ISBLANK(BC567),"",INDEX(matinh,MATCH(BC567,ten_tinh,0))) | BF567: =IF(ISBLANK(BE567),"",INDEX(mahuyen,MATCH(CONCATENATE(BD567,"-",BE567),Loc_trung_huyen,0))) | BI567: =IF(ISBLANK(BH567),"",INDEX(matinh,MATCH(BH567,ten_tinh,0))) | BK567: =IF(ISBLANK(BJ567),"",INDEX(mahuyen,MATCH(CONCATENATE(BI567,"-",BJ567),Loc_trung_huyen,0))) | BN567: =IF(ISBLANK(BM567),"",INDEX(matinh,MATCH(BM567,ten_tinh,0))) | BP567: {=IF(ISBLANK(BO567),"",INDEX(mabenhvien,MATCH(BO567&BN567,tenbenhvien&matinhbenhvien,0)))} | BS567: =IF(ISBLANK(BR567),"",INDEX(matinh,MATCH(BR567,ten_tinh,0))) | BU567: =IF(ISBLANK(BT567),"",INDEX(mahuyen,MATCH(CONCATENATE(BS567,"-",BT567),Loc_trung_huyen,0))) | CI567: =IF(ISBLANK(CH567),"",INDEX(matinh,MATCH(CH567,ten_tinh,0))) | CK567: =IF(ISBLANK(CJ567),"",INDEX(mahuyen,MATCH(CONCATENATE(CI567,"-",CJ567),Loc_trung_huyen,0))) | CO567: =IF(ISBLANK(CN567),"",INDEX(matinh,MATCH(CN567,ten_tinh,0))) | CQ567: =IF(ISBLANK(CP567),"",INDEX(mahuyen,MATCH(CONCATENATE(CO567,"-",CP567),Loc_trung_huyen,0))) | DE567: =IF(ISBLANK(DD567),"",INDEX(mamoiquanhe,MATCH(DD567,moiquanhe,0))) | DG567: =IF(ISBLANK(DF567),"",INDEX(matinh,MATCH(DF567,ten_tinh,0))) | DI567: =IF(ISBLANK(DH567),"",INDEX(mahuyen,MATCH(CONCATENATE(DG567,"-",DH567),Loc_trung_huyen,0)))
AT568: =IF(ISBLANK(AS568),"",INDEX(maquocgia,MATCH(AS568,dm_quocgia,0))) | AV568: =IF(ISBLANK(AU568),"",INDEX(madantoc,MATCH(AU568,tendantoc,0))) | AX568: {=IFERROR(INDEX(Tinh!A:A,MATCH(TRIM(AW568),Tinh!B:B,0)),"")} | AZ568: {=IFERROR(INDEX('Ngân Hàng'!B:B,MATCH(AY568,'Ngân Hàng'!C:C,0)),"")} | BD568: =IF(ISBLANK(BC568),"",INDEX(matinh,MATCH(BC568,ten_tinh,0))) | BF568: =IF(ISBLANK(BE568),"",INDEX(mahuyen,MATCH(CONCATENATE(BD568,"-",BE568),Loc_trung_huyen,0))) | BI568: =IF(ISBLANK(BH568),"",INDEX(matinh,MATCH(BH568,ten_tinh,0))) | BK568: =IF(ISBLANK(BJ568),"",INDEX(mahuyen,MATCH(CONCATENATE(BI568,"-",BJ568),Loc_trung_huyen,0))) | BN568: =IF(ISBLANK(BM568),"",INDEX(matinh,MATCH(BM568,ten_tinh,0))) | BP568: {=IF(ISBLANK(BO568),"",INDEX(mabenhvien,MATCH(BO568&BN568,tenbenhvien&matinhbenhvien,0)))} | BS568: =IF(ISBLANK(BR568),"",INDEX(matinh,MATCH(BR568,ten_tinh,0))) | BU568: =IF(ISBLANK(BT568),"",INDEX(mahuyen,MATCH(CONCATENATE(BS568,"-",BT568),Loc_trung_huyen,0))) | CI568: =IF(ISBLANK(CH568),"",INDEX(matinh,MATCH(CH568,ten_tinh,0))) | CK568: =IF(ISBLANK(CJ568),"",INDEX(mahuyen,MATCH(CONCATENATE(CI568,"-",CJ568),Loc_trung_huyen,0))) | CO568: =IF(ISBLANK(CN568),"",INDEX(matinh,MATCH(CN568,ten_tinh,0))) | CQ568: =IF(ISBLANK(CP568),"",INDEX(mahuyen,MATCH(CONCATENATE(CO568,"-",CP568),Loc_trung_huyen,0))) | DE568: =IF(ISBLANK(DD568),"",INDEX(mamoiquanhe,MATCH(DD568,moiquanhe,0))) | DG568: =IF(ISBLANK(DF568),"",INDEX(matinh,MATCH(DF568,ten_tinh,0))) | DI568: =IF(ISBLANK(DH568),"",INDEX(mahuyen,MATCH(CONCATENATE(DG568,"-",DH568),Loc_trung_huyen,0)))
AT569: =IF(ISBLANK(AS569),"",INDEX(maquocgia,MATCH(AS569,dm_quocgia,0))) | AV569: =IF(ISBLANK(AU569),"",INDEX(madantoc,MATCH(AU569,tendantoc,0))) | AX569: {=IFERROR(INDEX(Tinh!A:A,MATCH(TRIM(AW569),Tinh!B:B,0)),"")} | AZ569: {=IFERROR(INDEX('Ngân Hàng'!B:B,MATCH(AY569,'Ngân Hàng'!C:C,0)),"")} | BD569: =IF(ISBLANK(BC569),"",INDEX(matinh,MATCH(BC569,ten_tinh,0))) | BF569: =IF(ISBLANK(BE569),"",INDEX(mahuyen,MATCH(CONCATENATE(BD569,"-",BE569),Loc_trung_huyen,0))) | BI569: =IF(ISBLANK(BH569),"",INDEX(matinh,MATCH(BH569,ten_tinh,0))) | BK569: =IF(ISBLANK(BJ569),"",INDEX(mahuyen,MATCH(CONCATENATE(BI569,"-",BJ569),Loc_trung_huyen,0))) | BN569: =IF(ISBLANK(BM569),"",INDEX(matinh,MATCH(BM569,ten_tinh,0))) | BP569: {=IF(ISBLANK(BO569),"",INDEX(mabenhvien,MATCH(BO569&BN569,tenbenhvien&matinhbenhvien,0)))} | BS569: =IF(ISBLANK(BR569),"",INDEX(matinh,MATCH(BR569,ten_tinh,0))) | BU569: =IF(ISBLANK(BT569),"",INDEX(mahuyen,MATCH(CONCATENATE(BS569,"-",BT569),Loc_trung_huyen,0))) | CI569: =IF(ISBLANK(CH569),"",INDEX(matinh,MATCH(CH569,ten_tinh,0))) | CK569: =IF(ISBLANK(CJ569),"",INDEX(mahuyen,MATCH(CONCATENATE(CI569,"-",CJ569),Loc_trung_huyen,0))) | CO569: =IF(ISBLANK(CN569),"",INDEX(matinh,MATCH(CN569,ten_tinh,0))) | CQ569: =IF(ISBLANK(CP569),"",INDEX(mahuyen,MATCH(CONCATENATE(CO569,"-",CP569),Loc_trung_huyen,0))) | DE569: =IF(ISBLANK(DD569),"",INDEX(mamoiquanhe,MATCH(DD569,moiquanhe,0))) | DG569: =IF(ISBLANK(DF569),"",INDEX(matinh,MATCH(DF569,ten_tinh,0))) | DI569: =IF(ISBLANK(DH569),"",INDEX(mahuyen,MATCH(CONCATENATE(DG569,"-",DH569),Loc_trung_huyen,0)))
AT570: =IF(ISBLANK(AS570),"",INDEX(maquocgia,MATCH(AS570,dm_quocgia,0))) | AV570: =IF(ISBLANK(AU570),"",INDEX(madantoc,MATCH(AU570,tendantoc,0))) | AX570: {=IFERROR(INDEX(Tinh!A:A,MATCH(TRIM(AW570),Tinh!B:B,0)),"")} | AZ570: {=IFERROR(INDEX('Ngân Hàng'!B:B,MATCH(AY570,'Ngân Hàng'!C:C,0)),"")} | BD570: =IF(ISBLANK(BC570),"",INDEX(matinh,MATCH(BC570,ten_tinh,0))) | BF570: =IF(ISBLANK(BE570),"",INDEX(mahuyen,MATCH(CONCATENATE(BD570,"-",BE570),Loc_trung_huyen,0))) | BI570: =IF(ISBLANK(BH570),"",INDEX(matinh,MATCH(BH570,ten_tinh,0))) | BK570: =IF(ISBLANK(BJ570),"",INDEX(mahuyen,MATCH(CONCATENATE(BI570,"-",BJ570),Loc_trung_huyen,0))) | BN570: =IF(ISBLANK(BM570),"",INDEX(matinh,MATCH(BM570,ten_tinh,0))) | BP570: {=IF(ISBLANK(BO570),"",INDEX(mabenhvien,MATCH(BO570&BN570,tenbenhvien&matinhbenhvien,0)))} | BS570: =IF(ISBLANK(BR570),"",INDEX(matinh,MATCH(BR570,ten_tinh,0))) | BU570: =IF(ISBLANK(BT570),"",INDEX(mahuyen,MATCH(CONCATENATE(BS570,"-",BT570),Loc_trung_huyen,0))) | CI570: =IF(ISBLANK(CH570),"",INDEX(matinh,MATCH(CH570,ten_tinh,0))) | CK570: =IF(ISBLANK(CJ570),"",INDEX(mahuyen,MATCH(CONCATENATE(CI570,"-",CJ570),Loc_trung_huyen,0))) | CO570: =IF(ISBLANK(CN570),"",INDEX(matinh,MATCH(CN570,ten_tinh,0))) | CQ570: =IF(ISBLANK(CP570),"",INDEX(mahuyen,MATCH(CONCATENATE(CO570,"-",CP570),Loc_trung_huyen,0))) | DE570: =IF(ISBLANK(DD570),"",INDEX(mamoiquanhe,MATCH(DD570,moiquanhe,0))) | DG570: =IF(ISBLANK(DF570),"",INDEX(matinh,MATCH(DF570,ten_tinh,0))) | DI570: =IF(ISBLANK(DH570),"",INDEX(mahuyen,MATCH(CONCATENATE(DG570,"-",DH570),Loc_trung_huyen,0)))
AT571: =IF(ISBLANK(AS571),"",INDEX(maquocgia,MATCH(AS571,dm_quocgia,0))) | AV571: =IF(ISBLANK(AU571),"",INDEX(madantoc,MATCH(AU571,tendantoc,0))) | AX571: {=IFERROR(INDEX(Tinh!A:A,MATCH(TRIM(AW571),Tinh!B:B,0)),"")} | AZ571: {=IFERROR(INDEX('Ngân Hàng'!B:B,MATCH(AY571,'Ngân Hàng'!C:C,0)),"")} | BD571: =IF(ISBLANK(BC571),"",INDEX(matinh,MATCH(BC571,ten_tinh,0))) | BF571: =IF(ISBLANK(BE571),"",INDEX(mahuyen,MATCH(CONCATENATE(BD571,"-",BE571),Loc_trung_huyen,0))) | BI571: =IF(ISBLANK(BH571),"",INDEX(matinh,MATCH(BH571,ten_tinh,0))) | BK571: =IF(ISBLANK(BJ571),"",INDEX(mahuyen,MATCH(CONCATENATE(BI571,"-",BJ571),Loc_trung_huyen,0))) | BN571: =IF(ISBLANK(BM571),"",INDEX(matinh,MATCH(BM571,ten_tinh,0))) | BP571: {=IF(ISBLANK(BO571),"",INDEX(mabenhvien,MATCH(BO571&BN571,tenbenhvien&matinhbenhvien,0)))} | BS571: =IF(ISBLANK(BR571),"",INDEX(matinh,MATCH(BR571,ten_tinh,0))) | BU571: =IF(ISBLANK(BT571),"",INDEX(mahuyen,MATCH(CONCATENATE(BS571,"-",BT571),Loc_trung_huyen,0))) | CI571: =IF(ISBLANK(CH571),"",INDEX(matinh,MATCH(CH571,ten_tinh,0))) | CK571: =IF(ISBLANK(CJ571),"",INDEX(mahuyen,MATCH(CONCATENATE(CI571,"-",CJ571),Loc_trung_huyen,0))) | CO571: =IF(ISBLANK(CN571),"",INDEX(matinh,MATCH(CN571,ten_tinh,0))) | CQ571: =IF(ISBLANK(CP571),"",INDEX(mahuyen,MATCH(CONCATENATE(CO571,"-",CP571),Loc_trung_huyen,0))) | DE571: =IF(ISBLANK(DD571),"",INDEX(mamoiquanhe,MATCH(DD571,moiquanhe,0))) | DG571: =IF(ISBLANK(DF571),"",INDEX(matinh,MATCH(DF571,ten_tinh,0))) | DI571: =IF(ISBLANK(DH571),"",INDEX(mahuyen,MATCH(CONCATENATE(DG571,"-",DH571),Loc_trung_huyen,0)))
AT572: =IF(ISBLANK(AS572),"",INDEX(maquocgia,MATCH(AS572,dm_quocgia,0))) | AV572: =IF(ISBLANK(AU572),"",INDEX(madantoc,MATCH(AU572,tendantoc,0))) | AX572: {=IFERROR(INDEX(Tinh!A:A,MATCH(TRIM(AW572),Tinh!B:B,0)),"")} | AZ572: {=IFERROR(INDEX('Ngân Hàng'!B:B,MATCH(AY572,'Ngân Hàng'!C:C,0)),"")} | BD572: =IF(ISBLANK(BC572),"",INDEX(matinh,MATCH(BC572,ten_tinh,0))) | BF572: =IF(ISBLANK(BE572),"",INDEX(mahuyen,MATCH(CONCATENATE(BD572,"-",BE572),Loc_trung_huyen,0))) | BI572: =IF(ISBLANK(BH572),"",INDEX(matinh,MATCH(BH572,ten_tinh,0))) | BK572: =IF(ISBLANK(BJ572),"",INDEX(mahuyen,MATCH(CONCATENATE(BI572,"-",BJ572),Loc_trung_huyen,0))) | BN572: =IF(ISBLANK(BM572),"",INDEX(matinh,MATCH(BM572,ten_tinh,0))) | BP572: {=IF(ISBLANK(BO572),"",INDEX(mabenhvien,MATCH(BO572&BN572,tenbenhvien&matinhbenhvien,0)))} | BS572: =IF(ISBLANK(BR572),"",INDEX(matinh,MATCH(BR572,ten_tinh,0))) | BU572: =IF(ISBLANK(BT572),"",INDEX(mahuyen,MATCH(CONCATENATE(BS572,"-",BT572),Loc_trung_huyen,0))) | CI572: =IF(ISBLANK(CH572),"",INDEX(matinh,MATCH(CH572,ten_tinh,0))) | CK572: =IF(ISBLANK(CJ572),"",INDEX(mahuyen,MATCH(CONCATENATE(CI572,"-",CJ572),Loc_trung_huyen,0))) | CO572: =IF(ISBLANK(CN572),"",INDEX(matinh,MATCH(CN572,ten_tinh,0))) | CQ572: =IF(ISBLANK(CP572),"",INDEX(mahuyen,MATCH(CONCATENATE(CO572,"-",CP572),Loc_trung_huyen,0))) | DE572: =IF(ISBLANK(DD572),"",INDEX(mamoiquanhe,MATCH(DD572,moiquanhe,0))) | DG572: =IF(ISBLANK(DF572),"",INDEX(matinh,MATCH(DF572,ten_tinh,0))) | DI572: =IF(ISBLANK(DH572),"",INDEX(mahuyen,MATCH(CONCATENATE(DG572,"-",DH572),Loc_trung_huyen,0)))
... AT617: =IF(ISBLANK(AS617),"",INDEX(maquocgia,MATCH(AS617,dm_quocgia,0))) | AV617: =IF(ISBLANK(AU617),"",INDEX(madantoc,MATCH(AU617,tendantoc,0))) | AX617: {=IFERROR(INDEX(Tinh!A:A,MATCH(TRIM(AW617),Tinh!B:B,0)),"")} | AZ617: {=IFERROR(INDEX('Ngân Hàng'!B:B,MATCH(AY617,'Ngân Hàng'!C:C,0)),"")} | BD617: =IF(ISBLANK(BC617),"",INDEX(matinh,MATCH(BC617,ten_tinh,0))) | BF617: =IF(ISBLANK(BE617),"",INDEX(mahuyen,MATCH(CONCATENATE(BD617,"-",BE617),Loc_trung_huyen,0))) | BI617: =IF(ISBLANK(BH617),"",INDEX(matinh,MATCH(BH617,ten_tinh,0))) | BK617: =IF(ISBLANK(BJ617),"",INDEX(mahuyen,MATCH(CONCATENATE(BI617,"-",BJ617),Loc_trung_huyen,0))) | BN617: =IF(ISBLANK(BM617),"",INDEX(matinh,MATCH(BM617,ten_tinh,0))) | BP617: {=IF(ISBLANK(BO617),"",INDEX(mabenhvien,MATCH(BO617&BN617,tenbenhvien&matinhbenhvien,0)))} | BS617: =IF(ISBLANK(BR617),"",INDEX(matinh,MATCH(BR617,ten_tinh,0))) | BU617: =IF(ISBLANK(BT617),"",INDEX(mahuyen,MATCH(CONCATENATE(BS617,"-",BT617),Loc_trung_huyen,0))) | CI617: =IF(ISBLANK(CH617),"",INDEX(matinh,MATCH(CH617,ten_tinh,0))) | CK617: =IF(ISBLANK(CJ617),"",INDEX(mahuyen,MATCH(CONCATENATE(CI617,"-",CJ617),Loc_trung_huyen,0))) | CO617: =IF(ISBLANK(CN617),"",INDEX(matinh,MATCH(CN617,ten_tinh,0))) | CQ617: =IF(ISBLANK(CP617),"",INDEX(mahuyen,MATCH(CONCATENATE(CO617,"-",CP617),Loc_trung_huyen,0))) | DE617: =IF(ISBLANK(DD617),"",INDEX(mamoiquanhe,MATCH(DD617,moiquanhe,0))) | DG617: =IF(ISBLANK(DF617),"",INDEX(matinh,MATCH(DF617,ten_tinh,0))) | DI617: =IF(ISBLANK(DH617),"",INDEX(mahuyen,MATCH(CONCATENATE(DG617,"-",DH617),Loc_trung_huyen,0)))
AX618: {=IFERROR(INDEX(Tinh!A:A,MATCH(TRIM(AW618),Tinh!B:B,0)),"")} | AZ618: {=IFERROR(INDEX('Ngân Hàng'!B:B,MATCH(AY618,'Ngân Hàng'!C:C,0)),"")} | BN618: =IF(ISBLANK(BM618),"",INDEX(matinh,MATCH(BM618,ten_tinh,0)))
AX619: {=IFERROR(INDEX(Tinh!A:A,MATCH(TRIM(AW619),Tinh!B:B,0)),"")} | AZ619: {=IFERROR(INDEX('Ngân Hàng'!B:B,MATCH(AY619,'Ngân Hàng'!C:C,0)),"")} | BN619: =IF(ISBLANK(BM619),"",INDEX(matinh,MATCH(BM619,ten_tinh,0)))
AX620: {=IFERROR(INDEX(Tinh!A:A,MATCH(TRIM(AW620),Tinh!B:B,0)),"")} | AZ620: {=IFERROR(INDEX('Ngân Hàng'!B:B,MATCH(AY620,'Ngân Hàng'!C:C,0)),"")} | BN620: =IF(ISBLANK(BM620),"",INDEX(matinh,MATCH(BM620,ten_tinh,0)))
AX621: {=IFERROR(INDEX(Tinh!A:A,MATCH(TRIM(AW621),Tinh!B:B,0)),"")} | AZ621: {=IFERROR(INDEX('Ngân Hàng'!B:B,MATCH(AY621,'Ngân Hàng'!C:C,0)),"")} | BN621: =IF(ISBLANK(BM621),"",INDEX(matinh,MATCH(BM621,ten_tinh,0)))
AX622: {=IFERROR(INDEX(Tinh!A:A,MATCH(TRIM(AW622),Tinh!B:B,0)),"")} | AZ622: {=IFERROR(INDEX('Ngân Hàng'!B:B,MATCH(AY622,'Ngân Hàng'!C:C,0)),"")} | BN622: =IF(ISBLANK(BM622),"",INDEX(matinh,MATCH(BM622,ten_tinh,0)))
AX623: {=IFERROR(INDEX(Tinh!A:A,MATCH(TRIM(AW623),Tinh!B:B,0)),"")} | AZ623: {=IFERROR(INDEX('Ngân Hàng'!B:B,MATCH(AY623,'Ngân Hàng'!C:C,0)),"")} | BN623: =IF(ISBLANK(BM623),"",INDEX(matinh,MATCH(BM623,ten_tinh,0)))
AX624: {=IFERROR(INDEX(Tinh!A:A,MATCH(TRIM(AW624),Tinh!B:B,0)),"")} | AZ624: {=IFERROR(INDEX('Ngân Hàng'!B:B,MATCH(AY624,'Ngân Hàng'!C:C,0)),"")} | BN624: =IF(ISBLANK(BM624),"",INDEX(matinh,MATCH(BM624,ten_tinh,0)))
AX625: {=IFERROR(INDEX(Tinh!A:A,MATCH(TRIM(AW625),Tinh!B:B,0)),"")} | AZ625: {=IFERROR(INDEX('Ngân Hàng'!B:B,MATCH(AY625,'Ngân Hàng'!C:C,0)),"")} | BN625: =IF(ISBLANK(BM625),"",INDEX(matinh,MATCH(BM625,ten_tinh,0)))
AX626: {=IFERROR(INDEX(Tinh!A:A,MATCH(TRIM(AW626),Tinh!B:B,0)),"")} | AZ626: {=IFERROR(INDEX('Ngân Hàng'!B:B,MATCH(AY626,'Ngân Hàng'!C:C,0)),"")} | BN626: =IF(ISBLANK(BM626),"",INDEX(matinh,MATCH(BM626,ten_tinh,0)))
AX627: {=IFERROR(INDEX(Tinh!A:A,MATCH(TRIM(AW627),Tinh!B:B,0)),"")} | AZ627: {=IFERROR(INDEX('Ngân Hàng'!B:B,MATCH(AY627,'Ngân Hàng'!C:C,0)),"")} | BN627: =IF(ISBLANK(BM627),"",INDEX(matinh,MATCH(BM627,ten_tinh,0)))
AX628: {=IFERROR(INDEX(Tinh!A:A,MATCH(TRIM(AW628),Tinh!B:B,0)),"")} | AZ628: {=IFERROR(INDEX('Ngân Hàng'!B:B,MATCH(AY628,'Ngân Hàng'!C:C,0)),"")} | BN628: =IF(ISBLANK(BM628),"",INDEX(matinh,MATCH(BM628,ten_tinh,0)))
AX629: {=IFERROR(INDEX(Tinh!A:A,MATCH(TRIM(AW629),Tinh!B:B,0)),"")} | AZ629: {=IFERROR(INDEX('Ngân Hàng'!B:B,MATCH(AY629,'Ngân Hàng'!C:C,0)),"")} | BN629: =IF(ISBLANK(BM629),"",INDEX(matinh,MATCH(BM629,ten_tinh,0)))
... AX5653: {=IFERROR(INDEX(Tinh!A:A,MATCH(TRIM(AW5653),Tinh!B:B,0)),"")} | AZ5653: {=IFERROR(INDEX('Ngân Hàng'!B:B,MATCH(AY5653,'Ngân Hàng'!C:C,0)),"")} | BN5653: =IF(ISBLANK(BM5653),"",INDEX(matinh,MATCH(BM5653,ten_tinh,0)))
AX5654: {=IFERROR(INDEX(Tinh!A:A,MATCH(TRIM(AW5654),Tinh!B:B,0)),"")} | AZ5654: {=IFERROR(INDEX('Ngân Hàng'!B:B,MATCH(AY5654,'Ngân Hàng'!C:C,0)),"")}
AX5655: {=IFERROR(INDEX(Tinh!A:A,MATCH(TRIM(AW5655),Tinh!B:B,0)),"")} | AZ5655: {=IFERROR(INDEX('Ngân Hàng'!B:B,MATCH(AY5655,'Ngân Hàng'!C:C,0)),"")}
AX5656: {=IFERROR(INDEX(Tinh!A:A,MATCH(TRIM(AW5656),Tinh!B:B,0)),"")} | AZ5656: {=IFERROR(INDEX('Ngân Hàng'!B:B,MATCH(AY5656,'Ngân Hàng'!C:C,0)),"")}
AX5657: {=IFERROR(INDEX(Tinh!A:A,MATCH(TRIM(AW5657),Tinh!B:B,0)),"")} | AZ5657: {=IFERROR(INDEX('Ngân Hàng'!B:B,MATCH(AY5657,'Ngân Hàng'!C:C,0)),"")}
AX5658: {=IFERROR(INDEX(Tinh!A:A,MATCH(TRIM(AW5658),Tinh!B:B,0)),"")} | AZ5658: {=IFERROR(INDEX('Ngân Hàng'!B:B,MATCH(AY5658,'Ngân Hàng'!C:C,0)),"")}
AX5659: {=IFERROR(INDEX(Tinh!A:A,MATCH(TRIM(AW5659),Tinh!B:B,0)),"")} | AZ5659: {=IFERROR(INDEX('Ngân Hàng'!B:B,MATCH(AY5659,'Ngân Hàng'!C:C,0)),"")}
AX5660: {=IFERROR(INDEX(Tinh!A:A,MATCH(TRIM(AW5660),Tinh!B:B,0)),"")} | AZ5660: {=IFERROR(INDEX('Ngân Hàng'!B:B,MATCH(AY5660,'Ngân Hàng'!C:C,0)),"")}
AX5661: {=IFERROR(INDEX(Tinh!A:A,MATCH(TRIM(AW5661),Tinh!B:B,0)),"")} | AZ5661: {=IFERROR(INDEX('Ngân Hàng'!B:B,MATCH(AY5661,'Ngân Hàng'!C:C,0)),"")}
AX5662: {=IFERROR(INDEX(Tinh!A:A,MATCH(TRIM(AW5662),Tinh!B:B,0)),"")} | AZ5662: {=IFERROR(INDEX('Ngân Hàng'!B:B,MATCH(AY5662,'Ngân Hàng'!C:C,0)),"")}
AX5663: {=IFERROR(INDEX(Tinh!A:A,MATCH(TRIM(AW5663),Tinh!B:B,0)),"")} | AZ5663: {=IFERROR(INDEX('Ngân Hàng'!B:B,MATCH(AY5663,'Ngân Hàng'!C:C,0)),"")}
AX5664: {=IFERROR(INDEX(Tinh!A:A,MATCH(TRIM(AW5664),Tinh!B:B,0)),"")} | AZ5664: {=IFERROR(INDEX('Ngân Hàng'!B:B,MATCH(AY5664,'Ngân Hàng'!C:C,0)),"")}
AX5665: {=IFERROR(INDEX(Tinh!A:A,MATCH(TRIM(AW5665),Tinh!B:B,0)),"")} | AZ5665: {=IFERROR(INDEX('Ngân Hàng'!B:B,MATCH(AY5665,'Ngân Hàng'!C:C,0)),"")}
... AX10301: {=IFERROR(INDEX(Tinh!A:A,MATCH(TRIM(AW10301),Tinh!B:B,0)),"")} | AZ10301: {=IFERROR(INDEX('Ngân Hàng'!B:B,MATCH(AY10301,'Ngân Hàng'!C:C,0)),"")}

Sheet D01-TS
A1: BẢNG KÊ THÔNG TIN (MẪU D01-TS) Các cột chữ màu đỏ là thông tin bắt buộc nhập
A3: STT | B3: Họ và tên | C3: Mã số BHXH | D3: Tên loại văn bản | E3: Số văn bản | F3: Ngày ban hành văn bản | G3: Ngày văn bản có hiệu lực | H3: Cơ quan ban hành văn bản | I3: Trích yếu văn bản | J3: Nội dung thẩm định
A4: STT | B4: HoTen | C4: MaSoBHXH | D4: TenLoaiVanBan | E4: SoVanBan | F4: NgayBanHanh | G4: NgayHieuLuc | H4: CoQuanBanHanh | I4: TrichYeu | J4: NoiDungThamDinh | K4: KEY_D01TS_595_122019

Sheet Tinh
A1: Mã | B1: Tỉnh/thành phố
A2: 01 | B2: Thành phố Hà Nội
A3: 04 | B3: Tỉnh Cao Bằng
A4: 08 | B4: Tỉnh Tuyên Quang
A5: 11 | B5: Tỉnh Điện Biên
A6: 12 | B6: Tỉnh Lai Châu
A7: 14 | B7: Tỉnh Sơn La
A8: 15 | B8: Tỉnh Lào Cai
A9: 19 | B9: Tỉnh Thái Nguyên
A10: 20 | B10: Tỉnh Lạng Sơn
A11: 22 | B11: Tỉnh Quảng Ninh
A12: 24 | B12: Tỉnh Bắc Ninh
A13: 25 | B13: Tỉnh Phú Thọ
A14: 31 | B14: Thành phố Hải Phòng
A15: 33 | B15: Tỉnh Hưng Yên
A16: 37 | B16: Tỉnh Ninh Bình
... A35: 96 | B35: Tỉnh Cà Mau

Sheet Huyen
A1: MaTinh | B1: MaHuyen | C1: TenHuyen | D1: Lọc trùng
A2: 01 | B2: 00070 | C2: Phường Hoàn Kiếm | D2: =CONCATENATE(A2,"-",C2) -> 01-Phường Hoàn Kiếm
A3: 01 | B3: 00082 | C3: Phường Cửa Nam | D3: =CONCATENATE(A3,"-",C3) -> 01-Phường Cửa Nam
A4: 01 | B4: 00004 | C4: Phường Ba Đình | D4: =CONCATENATE(A4,"-",C4) -> 01-Phường Ba Đình
A5: 01 | B5: 00008 | C5: Phường Ngọc Hà | D5: =CONCATENATE(A5,"-",C5) -> 01-Phường Ngọc Hà
A6: 01 | B6: 00025 | C6: Phường Giảng Võ | D6: =CONCATENATE(A6,"-",C6) -> 01-Phường Giảng Võ
A7: 01 | B7: 00256 | C7: Phường Hai Bà Trưng | D7: =CONCATENATE(A7,"-",C7) -> 01-Phường Hai Bà Trưng
A8: 01 | B8: 00283 | C8: Phường Vĩnh Tuy | D8: =CONCATENATE(A8,"-",C8) -> 01-Phường Vĩnh Tuy
A9: 01 | B9: 00292 | C9: Phường Bạch Mai | D9: =CONCATENATE(A9,"-",C9) -> 01-Phường Bạch Mai
A10: 01 | B10: 00235 | C10: Phường Đống Đa | D10: =CONCATENATE(A10,"-",C10) -> 01-Phường Đống Đa
A11: 01 | B11: 00229 | C11: Phường Kim Liên | D11: =CONCATENATE(A11,"-",C11) -> 01-Phường Kim Liên
A12: 01 | B12: 00226 | C12: Phường Văn Miếu - Quốc Tử Giám | D12: =CONCATENATE(A12,"-",C12) -> 01-Phường Văn Miếu - Quốc Tử Giám
A13: 01 | B13: 00199 | C13: Phường Láng | D13: =CONCATENATE(A13,"-",C13) -> 01-Phường Láng
... A307: 08 | B307: 01147 | C307: Xã Khuôn Lùng | D307: =CONCATENATE(A307,"-",C307) -> 08-Xã Khuôn Lùng
A308: 11 | B308: 03325 | C308: Xã Mường Phăng | D308: =CONCATENATE(A308,"-",C308) -> 11-Xã Mường Phăng
A309: 11 | B309: 03127 | C309: Phường Điện Biên Phủ | D309: =CONCATENATE(A309,"-",C309) -> 11-Phường Điện Biên Phủ
A310: 11 | B310: 03334 | C310: Phường Mường Thanh | D310: =CONCATENATE(A310,"-",C310) -> 11-Phường Mường Thanh
A311: 11 | B311: 03151 | C311: Phường Mường Lay | D311: =CONCATENATE(A311,"-",C311) -> 11-Phường Mường Lay
A312: 11 | B312: 03328 | C312: Xã Thanh Nưa | D312: =CONCATENATE(A312,"-",C312) -> 11-Xã Thanh Nưa
A313: 11 | B313: 03352 | C313: Xã Thanh An | D313: =CONCATENATE(A313,"-",C313) -> 11-Xã Thanh An
A314: 11 | B314: 03349 | C314: Xã Thanh Yên | D314: =CONCATENATE(A314,"-",C314) -> 11-Xã Thanh Yên
A315: 11 | B315: 03356 | C315: Xã Sam Mứn | D315: =CONCATENATE(A315,"-",C315) -> 11-Xã Sam Mứn
A316: 11 | B316: 03358 | C316: Xã Núa Ngam | D316: =CONCATENATE(A316,"-",C316) -> 11-Xã Núa Ngam
A317: 11 | B317: 03368 | C317: Xã Mường Nhà | D317: =CONCATENATE(A317,"-",C317) -> 11-Xã Mường Nhà
A318: 11 | B318: 03253 | C318: Xã Tuần Giáo | D318: =CONCATENATE(A318,"-",C318) -> 11-Xã Tuần Giáo
A319: 11 | B319: 03295 | C319: Xã Quài Tở | D319: =CONCATENATE(A319,"-",C319) -> 11-Xã Quài Tở
... A1118: 31 | B1118: 11113 | C1118: Xã Tân Kỳ | D1118: =CONCATENATE(A1118,"-",C1118) -> 31-Xã Tân Kỳ
A1119: 31 | B1119: 11086 | C1119: Xã Đại Sơn | D1119: =CONCATENATE(A1119,"-",C1119) -> 31-Xã Đại Sơn
A1120: 31 | B1120: 11131 | C1120: Xã Chí Minh | D1120: =CONCATENATE(A1120,"-",C1120) -> 31-Xã Chí Minh
A1121: 31 | B1121: 11140 | C1121: Xã Lạc Phượng | D1121: =CONCATENATE(A1121,"-",C1121) -> 31-Xã Lạc Phượng
A1122: 31 | B1122: 11146 | C1122: Xã Nguyên Giáp | D1122: =CONCATENATE(A1122,"-",C1122) -> 31-Xã Nguyên Giáp
A1123: 31 | B1123: 11203 | C1123: Xã Ninh Giang | D1123: =CONCATENATE(A1123,"-",C1123) -> 31-Xã Ninh Giang
A1124: 31 | B1124: 11164 | C1124: Xã Vĩnh Lại | D1124: =CONCATENATE(A1124,"-",C1124) -> 31-Xã Vĩnh Lại
A1125: 31 | B1125: 11224 | C1125: Xã Khúc Thừa Dụ | D1125: =CONCATENATE(A1125,"-",C1125) -> 31-Xã Khúc Thừa Dụ
A1126: 31 | B1126: 11167 | C1126: Xã Tân An | D1126: =CONCATENATE(A1126,"-",C1126) -> 31-Xã Tân An
A1127: 31 | B1127: 11218 | C1127: Xã Hồng Châu | D1127: =CONCATENATE(A1127,"-",C1127) -> 31-Xã Hồng Châu
A1128: 31 | B1128: 11239 | C1128: Xã Thanh Miện | D1128: =CONCATENATE(A1128,"-",C1128) -> 31-Xã Thanh Miện
A1129: 31 | B1129: 11254 | C1129: Xã Bắc Thanh Miện | D1129: =CONCATENATE(A1129,"-",C1129) -> 31-Xã Bắc Thanh Miện
A1130: 31 | B1130: 11257 | C1130: Xã Hải Hưng | D1130: =CONCATENATE(A1130,"-",C1130) -> 31-Xã Hải Hưng
A1131: 31 | B1131: 11242 | C1131: Xã Nguyễn Lương Bằng | D1131: =CONCATENATE(A1131,"-",C1131) -> 31-Xã Nguyễn Lương Bằng
... A2170: 52 | B2170: 23917 | C2170: Xã Ia Púch | D2170: =CONCATENATE(A2170,"-",C2170) -> 52-Xã Ia Púch
A2171: 52 | B2171: 23938 | C2171: Xã Ia Mơ | D2171: =CONCATENATE(A2171,"-",C2171) -> 52-Xã Ia Mơ
A2172: 52 | B2172: 23881 | C2172: Xã Ia Pnôn | D2172: =CONCATENATE(A2172,"-",C2172) -> 52-Xã Ia Pnôn
A2173: 52 | B2173: 23884 | C2173: Xã Ia Nan | D2173: =CONCATENATE(A2173,"-",C2173) -> 52-Xã Ia Nan
A2174: 52 | B2174: 23872 | C2174: Xã Ia Dom | D2174: =CONCATENATE(A2174,"-",C2174) -> 52-Xã Ia Dom
A2175: 52 | B2175: 23788 | C2175: Xã Ia Chia | D2175: =CONCATENATE(A2175,"-",C2175) -> 52-Xã Ia Chia
A2176: 52 | B2176: 23782 | C2176: Xã Ia O | D2176: =CONCATENATE(A2176,"-",C2176) -> 52-Xã Ia O
A2177: 52 | B2177: 23650 | C2177: Xã Krong | D2177: =CONCATENATE(A2177,"-",C2177) -> 52-Xã Krong
A2178: 56 | B2178: 22366 | C2178: Phường Nha Trang | D2178: =CONCATENATE(A2178,"-",C2178) -> 56-Phường Nha Trang
A2179: 56 | B2179: 22333 | C2179: Phường Bắc Nha Trang | D2179: =CONCATENATE(A2179,"-",C2179) -> 56-Phường Bắc Nha Trang
A2180: 56 | B2180: 22390 | C2180: Phường Tây Nha Trang | D2180: =CONCATENATE(A2180,"-",C2180) -> 56-Phường Tây Nha Trang
A2181: 56 | B2181: 22402 | C2181: Phường Nam Nha Trang | D2181: =CONCATENATE(A2181,"-",C2181) -> 56-Phường Nam Nha Trang
A2182: 56 | B2182: 22411 | C2182: Phường Bắc Cam Ranh | D2182: =CONCATENATE(A2182,"-",C2182) -> 56-Phường Bắc Cam Ranh
A2183: 56 | B2183: 22420 | C2183: Phường Cam Ranh | D2183: =CONCATENATE(A2183,"-",C2183) -> 56-Phường Cam Ranh
... A3322: 96 | B3322: 31894 | C3322: Xã Châu Thới | D3322: =CONCATENATE(A3322,"-",C3322) -> 96-Xã Châu Thới

Sheet Xa
A1: MaTinh | B1: MaHuyen | C1: MaXa | D1: TenXa | E1: Lọc trùng
A2: 01 | B2: 001 | C2: 00001 | D2: Phường Phúc Xá | E2: =CONCATENATE(B2,"-",D2) -> 001-Phường Phúc Xá
A3: 01 | B3: 001 | C3: 00004 | D3: Phường Trúc Bạch | E3: =CONCATENATE(B3,"-",D3) -> 001-Phường Trúc Bạch
A4: 01 | B4: 001 | C4: 00006 | D4: Phường Vĩnh Phúc | E4: =CONCATENATE(B4,"-",D4) -> 001-Phường Vĩnh Phúc
A5: 01 | B5: 001 | C5: 00007 | D5: Phường Cống Vị | E5: =CONCATENATE(B5,"-",D5) -> 001-Phường Cống Vị
A6: 01 | B6: 001 | C6: 00008 | D6: Phường Liễu Giai | E6: =CONCATENATE(B6,"-",D6) -> 001-Phường Liễu Giai
A7: 01 | B7: 001 | C7: 00013 | D7: Phường Quán Thánh | E7: =CONCATENATE(B7,"-",D7) -> 001-Phường Quán Thánh
A8: 01 | B8: 001 | C8: 00016 | D8: Phường Ngọc Hà | E8: =CONCATENATE(B8,"-",D8) -> 001-Phường Ngọc Hà
A9: 01 | B9: 001 | C9: 00019 | D9: Phường Điện Biên | E9: =CONCATENATE(B9,"-",D9) -> 001-Phường Điện Biên
A10: 01 | B10: 001 | C10: 00022 | D10: Phường Đội Cấn | E10: =CONCATENATE(B10,"-",D10) -> 001-Phường Đội Cấn
A11: 01 | B11: 001 | C11: 00025 | D11: Phường Ngọc Khánh | E11: =CONCATENATE(B11,"-",D11) -> 001-Phường Ngọc Khánh
A12: 01 | B12: 001 | C12: 00028 | D12: Phường Kim Mã | E12: =CONCATENATE(B12,"-",D12) -> 001-Phường Kim Mã
A13: 01 | B13: 001 | C13: 00031 | D13: Phường Giảng Võ | E13: =CONCATENATE(B13,"-",D13) -> 001-Phường Giảng Võ
... A10036: 96 | B10036: 973 | C10036: 32248 | D10036: Xã Đất Mũi | E10036: =CONCATENATE(B10036,"-",D10036) -> 973-Xã Đất Mũi

Sheet Tinhcu
A1: Mã | B1: Tỉnh/thành phố | C1: Mã hành chính
A2: 01 | B2: Thành phố Hà Nội | C2: 101
A3: 02 | B3: Tỉnh Hà Giang | C3: 201
A4: 04 | B4: Tỉnh Cao Bằng | C4: 203
A5: 06 | B5: Tỉnh Bắc Kạn | C5: 207
A6: 08 | B6: Tỉnh Tuyên Quang | C6: 211
A7: 10 | B7: Tỉnh Lào Cai | C7: 205
A8: 11 | B8: Tỉnh Điện Biên | C8: 301
A9: 12 | B9: Tỉnh Lai Châu | C9: 302
A10: 14 | B10: Tỉnh Sơn La | C10: 303
A11: 15 | B11: Tỉnh Yên Bái | C11: 213
A12: 17 | B12: Tỉnh Hoà Bình | C12: 305
... A64: 96 | B64: Tỉnh Cà Mau | C64: 823

Sheet KCB
A1: MaTinh | B1: MaBenhVien | C1: TenBenhVien
A2: 01 | B2: 01001 | C2: Bệnh viện Hữu Nghị
A3: 01 | B3: 01002 | C3: Phòng khám A thuộc BVĐK Xanh Pôn
A4: 01 | B4: 01003 | C4: Bệnh viện đa khoa Xanh Pôn
A5: 01 | B5: 01004 | C5: Bệnh viện đa khoa Đống Đa
A6: 01 | B6: 01005 | C6: Bệnh viện Hữu Nghị Việt Nam - Cu Ba
A7: 01 | B7: 01006 | C7: Bệnh viện Thanh Nhàn
A8: 01 | B8: 01007 | C8: Bệnh viện E
A9: 01 | B9: 01009 | C9: Bệnh viện Bưu điện (Bộ Bưu Chính v.thông)
A10: 01 | B10: 01010 | C10: Công ty cổ phần Bệnh viện Giao thông vận tải
A11: 01 | B11: 01012 | C11: Phòng khám đa khoa Đông Mỹ (TYT xã Nam Phù)
A12: 01 | B12: 01013 | C12: Bệnh viện Đa khoa Nông nghiệp
... A12597: 98 | B12597: 98491 | C12597: Bệnh xá số 1 Công an tỉnh An Giang

Sheet GioiTinh
A1: Mã | B1: Giới tính
A2: 0 | B2: Nữ
A3: 1 | B3: Nam

Sheet DM Quốc tịch
A1: Mã quốc gia | B1: Tên Quốc gia/ Vùng lãnh thổ
A2: AF | B2: AFGHANISTAN
A3: AX | B3: ÅLAND ISLANDS
A4: AL | B4: ALBANIA
A5: DZ | B5: ALGERIA
A6: AS | B6: AMERICAN SAMOA
A7: AD | B7: ANDORRA
A8: AO | B8: ANGOLA
A9: AI | B9: ANGUILLA
A10: AQ | B10: ANTARCTICA
A11: AG | B11: ANTIGUA AND BARBUDA
A12: AR | B12: ARGENTINA
... A241: ZW | B241: ZIMBABWE

Sheet Dân tộc
A1: Mã Dân Tộc | B1: Tên Dân Tộc
A2: 1 | B2: Kinh
A3: 2 | B3: Tày
A4: 3 | B4: Thái
A5: 4 | B5: Hoa
A6: 5 | B6: Khơ-me
A7: 6 | B7: Mường
A8: 7 | B8: Nùng
A9: 8 | B9: Hmông
A10: 9 | B10: Dao
A11: 10 | B11: Gia-rai
A12: 11 | B12: Ngái
A13: 12 | B13: Ê-đê
A14: 13 | B14: Ba-na
A15: 14 | B15: Xơ-đăng
A16: 15 | B16: Sán Chay
A17: 16 | B17: Cơ-ho
A18: 17 | B18: Chăm
A19: 18 | B19: Sán Dìu
A20: 19 | B20: Hrê
A21: 20 | B21: Mnông
A22: 21 | B22: Ra-glai
... A57: 99 | B57: Người nước ngoài

Sheet Loại PA
A1: Mã Loại PA | B1: Tên loại PA
A2: 1 | B2: Tăng lao động
A3: 2 | B3: Tăng lương
A4: 3 | B4: Giảm lao động
A5: 4 | B5: Giảm lương
A6: 5 | B6: Khác

Sheet Phương án
A1: Mã loại PA | B1: Mã PA | C1: Tên phương án
A3: 1 | B3: TM | C3: TM-Tăng mới chưa có số sổ
A4: 1 | B4: TC | C4: TC-Tăng chuyển đã có số sổ, di chuyển từ tỉnh khác đến
A5: 1 | B5: TD | C5: TD-Tăng đến đã có số sổ, di chuyển trong địa bàn tỉnh
A6: 1 | B6: TH | C6: TH-Tăng mới HĐLĐ từ 1 - dưới 3 tháng
A7: 1 | B7: AD | C7: AD-Tăng nguyên lương
A8: 1 | B8: AT | C8: AT-Truy đóng theo MLCS tại thời điểm
A9: 1 | B9: ON | C9: ON-Đi làm lại
A10: 2 | B10: DC | C10: DC-Điều chỉnh lương
A11: 2 | B11: DN | C11: DN-Điều chỉnh tham gia thất nghiệp (MLCS thời điểm)
A12: 2 | B12: TN | C12: TN-Tăng BHTN
A13: 2 | B13: TT | C13: TT-Bổ sung tăng quỹ KCB
A14: 2 | B14: TY | C14: TY-Tham gia BHXH cao hơn
... A30: 5 | B30: DL | C30: DL-Điều chỉnh tham gia BHTNLĐ, BNN

Sheet DM Mức hưởng BHYT
A1: Mã | B1: Diễn giải
A2: 1 | B2: Được quỹ BHYT thanh toán 100% chi phí khám bệnh, chữa bệnh (KCB) thuộc phạm vi chi trả BHYT và không áp dụng giới hạn tỷ lệ thanh toán một số thuốc, hoá chất, vật tư y tế và dịch vụ kỹ thuật theo quy định của Bộ trưởng Bộ Y tế về danh mục và tỷ lệ, điều kiện thanh toán dịch vụ kỹ thuật; chi phí vận chuyển người bệnh từ tuyến huyện lên tuyến trên trong trường hợp cấp cứu hoặc khi đang điều trị nội trú phải chuyển tuyến chuyên môn kỹ thuật, bao gồm các đối tượng hưởng có ký hiệu là: CC, TE.
A3: 2 | B3: Được quỹ BHYT thanh toán 100% chi phí KCB thuộc phạm vi chi trả BHYT (có giới hạn tỷ lệ thanh toán một số thuốc, hoá chất, vật tư y tế và dịch vụ kỹ thuật theo quy định của Bộ trưởng Bộ Y tế); chi phí vận chuyển người bệnh từ tuyến huyện lên tuyến trên trong trường hợp cấp cứu hoặc khi đang điều trị nội trú phải chuyển tuyến chuyên môn kỹ thuật, bao gồm các đối tượng hưởng có ký hiệu là: CK, CB, KC, HN, DT, DK, XD, BT, TS
A4: 3 | B4: Được quỹ BHYT thanh toán 95% chi phí KCB thuộc phạm vi chi trả BHYT (có giới hạn tỷ lệ thanh toán một số thuốc, hoá chất, vật tư y tế và dịch vụ kỹ thuật theo quy định của Bộ trưởng Bộ Y tế); 100% chi phí KCB tại tuyến xã và chi phí cho một lần KCB thấp hơn 15% tháng lương cơ sở, bao gồm các đối tượng hưởng có ký hiệu là: HT, TC, CN
A5: 4 | B5: Được quỹ BHYT thanh toán 80% chi phí KCB thuộc phạm vi chi trả BHYT (có giới hạn tỷ lệ thanh toán một số thuốc, hoá chất, vật tư y tế và dịch vụ kỹ thuật theo quy định của Bộ trưởng Bộ Y tế); 100% chi phí KCB tại tuyến xã và chi phí cho một lần KCB thấp hơn 15% tháng lương cơ sở, bao gồm các đối tượng hưởng có ký hiệu là: DN, HX, CH, NN, TK, HC, XK, TB, NO, CT, XB, TN, CS, XN, MS, HD, TQ, TA, TY, HG, LS, PV, HS, SV, GB, GD
A6: 5 | B6: Được quỹ BHYT thanh toán 100% chi phí KCB, kể cả chi phí KCB ngoài phạm vi được hưởng BHYT; chi phí vận chuyển, bao gồm các đối tượng hưởng có ký hiệu là QN, CA, CY

Sheet Sheet1
A1: TRUE
A2: FALSE

Sheet Giới tính
A1: 0 | B1: Nam
A2: 1 | B2: Nữ

Sheet Mối quan hệ
A1: Mã Mối quan hệ | B1: Mối quan hệ
A2: 00 | B2: Chủ hộ
A3: 01 | B3: Vợ
A4: 02 | B4: Chồng
A5: 03 | B5: Bố
A6: 04 | B6: Mẹ
A7: 05 | B7: Em
A8: 06 | B8: Anh
A9: 07 | B9: Chị
A10: 08 | B10: Con
A11: 09 | B11: Cháu
A12: 10 | B12: Ông
... A23: 21 | B23: Chắt
A24: 99 | B24: Khác

Sheet Danh mục hành chính
D4: Hướng dẫn tra cứu danh mục hành chính trên phần mềm ICARE.
D5: Bước 1: Truy cập website http://tokhaibaohiem.vn/dang-nhap Bước 2: Đăng nhập vào ICARE bằng tài khoản đã được cung cấp Bước 3: Chọn menu "Tra cứu danh mục" Bước 4: Chọn danh mục cần tra cứu: - Quốc gia - Tỉnh - Huyện - Xã - Thôn - Bệnh viện - Ngân hàng Bước 5: Nhập tên quốc gia/ tỉnh/ huyện/ xã/ thôn tương ứng với từng danh mục (Riêng danh mục Thôn bắt buộc phải nhập dữ liệu trường Tỉnh để tra cứu) Bước 6: Nhấn "Tra cứu" >> Kết quả tra cứu được hiển thị ở bảng bên phải

Sheet Ngân Hàng
A1: MaTinh | B1: MaNganHang | C1: CiName
A2: 01 | B2: 01881066 | C2: Công ty Trách nhiệm hữu hạn Chứng khoán Ngân hàng VPB
A3: 01 | B3: 01881039 | C3: Công ty Trách nhiệm hữu hạn Chứng khoán Ngân hàng Teckcombank
A4: 01 | B4: 01101014 | C4: Sở Giao dịch Ngân hàng Nhà nước
A5: 01 | B5: 01358010 | C5: Ngân hàng Thương mại Cổ phần Tiên Phong - Chi nhánh Tây Hồ
A6: 01 | B6: 01902022 | C6: Quỹ tín dụng nhân dân Đông Lỗ
A7: 01 | B7: 01902023 | C7: Quỹ tín dụng nhân dân La Phù
A8: 01 | B8: 01902024 | C8: Quỹ tín dụng nhân dân Tây Đằng
A9: 01 | B9: 01902035 | C9: Quỹ tín dụng nhân dân Yên Sở
A10: 01 | B10: 01902036 | C10: Quỹ tín dụng nhân dân Hòa Nam
A11: 01 | B11: 01902037 | C11: Quỹ tín dụng nhân dân Văn Khê
A12: 01 | B12: 01902038 | C12: Quỹ tín dụng nhân dân Liên Hà
... A792: 08 | B792: 08701010 | C792: Phòng Giao dịch số 4 - Kho bạc Nhà nước Khu vực VII
A793: 11 | B793: 11357001 | C793: Ngân hàng Thương mại Cổ phần Bưu điện Liên Việt - Chi nhánh Tỉnh Điện Biên
A794: 11 | B794: 11701001 | C794: Kho bạc Nhà nước Tỉnh Điện Biên
A795: 11 | B795: 11701002 | C795: Kho bạc Nhà nước Mường Chà
A796: 11 | B796: 11701003 | C796: Kho bạc Nhà nước Tủa Chùa
A797: 11 | B797: 11701004 | C797: Kho bạc Nhà nước Tuần Giáo
A798: 11 | B798: 11701005 | C798: Kho bạc Nhà nước Thị xã Mường Lay
A799: 11 | B799: 11701006 | C799: Kho bạc Nhà nước Điện Biên Đông
A800: 11 | B800: 11701007 | C800: Kho bạc Nhà nước Huyện Điện Biên
A801: 11 | B801: 11701008 | C801: Kho bạc Nhà nước Mường Nhé
A802: 11 | B802: 11701009 | C802: Kho bạc Nhà nước Mường Ẳng
A803: 11 | B803: 11201001 | C803: Ngân hàng Thương mại Cổ phần Công thương Việt Nam - Chi nhánh Tỉnh Điện Biên
A804: 11 | B804: 11202001 | C804: Ngân hàng Thương mại Cổ phần Đầu tư và Phát triển Việt Nam - Chi nhánh Tỉnh Điện Biên
A805: 11 | B805: 11204001 | C805: Ngân hàng Nông nghiệp và Phát triển Nông thôn Việt Nam - Chi nhánh Tỉnh Điện Biên
... A820: 11 | B820: 11313001 | C820: Ngân hàng Thương mại Cổ phần Bắc Á - Chi Nhánh Điện Biên
A821: 12 | B821: 12204006 | C821: Ngân hàng Nông nghiệp và Phát triển Nông thôn Việt Nam - Chi nhánh Huyện Mường Tè
A822: 12 | B822: 12204007 | C822: Ngân hàng Nông nghiệp và Phát triển Nông thôn Việt Nam - Chi nhánh Huyện Than Uyên
A823: 12 | B823: 12204008 | C823: Ngân hàng Nông nghiệp và Phát triển Nông thôn Việt Nam - Chi nhánh Huyện Tân Uyên
A824: 12 | B824: 12204009 | C824: Ngân hàng Nông nghiệp và Phát triển nông thôn Việt Nam - Chi nhánh huyện Nậm Nhùn Lai Châu
A825: 12 | B825: 12207001 | C825: Ngân hàng Chính sách Xã hội - Chi nhánh Tỉnh Lai Châu
A826: 12 | B826: 12208001 | C826: Ngân hàng Phát triển Việt Nam - Chi nhánh Tỉnh Lai Châu
A827: 12 | B827: 12357002 | C827: Ngân hàng Thương mại Cổ phần Bưu điện Liên Việt - Chi nhánh Tỉnh Lai Châu
A828: 12 | B828: 12701001 | C828: Kho bạc Nhà nước Tỉnh Lai Châu
A829: 12 | B829: 12701002 | C829: Kho bạc Nhà nước Sìn Hồ
A830: 12 | B830: 12701003 | C830: Kho bạc Nhà nước Mường Tè
A831: 12 | B831: 12201001 | C831: Ngân hàng Thương mại Cổ phần Công thương Việt Nam - Chi nhánh Tỉnh Lai Châu
A832: 12 | B832: 12202001 | C832: Ngân hàng Thương mại Cổ phần Đầu tư và Phát triển Việt Nam - Chi nhánh Tỉnh Lai Châu
A833: 12 | B833: 12204001 | C833: Ngân hàng Nông nghiệp và Phát triển Nông thôn Việt Nam - Chi nhánh Tỉnh Lai Châu
... A846: 12 | B846: 12701011 | C846: Phòng Giao dịch số 8 - Kho bạc Nhà nước Khu vực IX
A847: 14 | B847: 14202001 | C847: Ngân hàng Thương mại Cổ phần Đầu tư và Phát triển Việt Nam - Chi nhánh Tỉnh Sơn La
A848: 14 | B848: 14204001 | C848: Ngân hàng Nông nghiệp và Phát triển Nông thôn Việt Nam - Chi nhánh Tỉnh Sơn La
A849: 14 | B849: 14204002 | C849: Ngân hàng Nông nghiệp và Phát triển Nông thôn Việt Nam - Chi nhánh Huyện Mường La
A850: 14 | B850: 14204003 | C850: Ngân hàng Nông nghiệp và Phát triển Nông thôn Việt Nam - Chi nhánh Huyện Thuận Châu
A851: 14 | B851: 14204004 | C851: Ngân hàng Nông nghiệp và Phát triển Nông thôn Việt Nam - Chi nhánh Huyện Quỳnh Nhai
A852: 14 | B852: 14204005 | C852: Ngân hàng Nông nghiệp và Phát triển Nông thôn Việt Nam - Chi nhánh Huyện Sông Mã
A853: 14 | B853: 14204006 | C853: Ngân hàng Nông nghiệp và Phát triển Nông thôn Việt Nam - Chi nhánh Huyện Phù Yên
A854: 14 | B854: 14204007 | C854: Ngân hàng Nông nghiệp và Phát triển Nông thôn Việt Nam - Chi nhánh Huyện Bắc Yên
A855: 14 | B855: 14204008 | C855: Ngân hàng Nông nghiệp và Phát triển Nông thôn Việt Nam - Chi nhánh Thành phố Sơn La
A856: 14 | B856: 14204009 | C856: Ngân hàng Nông nghiệp và Phát triển Nông thôn Việt Nam - Chi nhánh Mộc Châu
A857: 14 | B857: 14701003 | C857: Phòng Giao dịch Kho bạc Nhà Nước Tỉnh Sơn La
A858: 14 | B858: 14701004 | C858: Kho bạc Nhà nước Mai Sơn
A859: 14 | B859: 14701005 | C859: Kho bạc Nhà nước Mộc Châu
... A890: 14 | B890: 14701015 | C890: Phòng Giao dịch số 15 - Kho bạc Nhà nước Khu vực IX
A891: 15 | B891: 10201001 | C891: Ngân hàng Thương mại Cổ phần Công thương Việt Nam - Chi nhánh Tỉnh Lào Cai
A892: 15 | B892: 10202001 | C892: Ngân hàng Thương mại Cổ phần Đầu tư và Phát triển Việt Nam - Chi nhánh Tỉnh Lào Cai
A893: 15 | B893: 10202002 | C893: Ngân hàng TMCP Đầu tư và Phát triển Việt Nam - Chi nhánh Bắc Hà
A894: 15 | B894: 10204009 | C894: Agribank Chi nhánh Lào Cai II
A895: 15 | B895: 10204010 | C895: Ngân hàng Nông nghiệp và Phát triển nông thôn Việt Nam - Chi nhánh huyện Bát Xát Lào Cai II
A896: 15 | B896: 10204011 | C896: Ngân hàng Nông nghiệp và Phát triển nông thôn Việt Nam - Chi nhánh thị xã Sa Pa Lào Cai II
A897: 15 | B897: 10204012 | C897: Ngân hàng Nông nghiệp và Phát triển Nông thôn Việt Nam - Chi nhánh Cốc Lếu
A898: 15 | B898: 10204013 | C898: Agribank Chi nhánh Kim Thành Lào Cai II
A899: 15 | B899: 10205001 | C899: Ngân hàng TMCP Phát triển Nhà đồng bằng sông Cửu Long - Chi nhánh Lào Cai
A900: 15 | B900: 10207001 | C900: Ngân hàng Chính sách Xã hội - Chi nhánh Tỉnh Lào Cai
A901: 15 | B901: 10208001 | C901: Ngân hàng Phát triển Việt Nam - Chi nhánh Tỉnh Lào Cai
A902: 15 | B902: 10303001 | C902: Ngân hàng thương mại cổ phần Sài Gòn Thương Tín - Chi nhánh Lào Cai
A903: 15 | B903: 10308001 | C903: Ngân hàng Thương mại Cổ phần Sài Gòn Công thương - Chi nhánh Tỉnh Lào Cai
... A985: 15 | B985: 15333001 | C985: Ngân hàng Thương mại cổ phần Phương Đông - Chi nhánh Lào Cai
A986: 19 | B986: 06204008 | C986: Ngân hàng Nông nghiệp và Phát triển Nông thôn Việt Nam - Chi nhánh Huyện Chợ Đồn
A987: 19 | B987: 06207001 | C987: Ngân hàng Chính sách Xã hội - Chi nhánh Tỉnh Bắc Kạn
A988: 19 | B988: 06208001 | C988: Ngân hàng Phát triển Việt Nam Chi nhánh Tỉnh Bắc Kạn Thái Nguyên - Phòng Giao dịch Bắc Kạn
A989: 19 | B989: 06357001 | C989: Ngân hàng Thương mại Cổ phần Bưu điện Liên Việt - Chi nhánh Bắc Kạn
A990: 19 | B990: 06701001 | C990: Kho bạc Nhà nước Tỉnh Bắc Kạn
A991: 19 | B991: 06701006 | C991: Kho bạc Nhà nước Chợ Đồn
A992: 19 | B992: 06701007 | C992: Kho bạc Nhà nước Pắc Nặm
A993: 19 | B993: 06701008 | C993: Kho bạc Nhà nước Bạch Thông
A994: 19 | B994: 06701009 | C994: Phòng Giao dịch Kho bạc Nhà nước Tỉnh Bắc Kạn
A995: 19 | B995: 06204001 | C995: Ngân hàng Nông nghiệp và Phát triển Nông thôn Việt Nam - Chi nhánh Tỉnh Bắc Kạn
A996: 19 | B996: 06204002 | C996: Ngân hàng Nông nghiệp và Phát triển Nông thôn Việt Nam - Chi nhánh Huyện Bạch Thông
A997: 19 | B997: 06204003 | C997: Ngân hàng Nông nghiệp và Phát triển Nông thôn Việt Nam - Chi nhánh Ba Bể
A998: 19 | B998: 06204004 | C998: Ngân hàng Nông nghiệp và Phát triển Nông thôn Việt Nam - Chi nhánh Huyện Ngân Sơn
... A1063: 19 | B1063: 19313001 | C1063: Ngân hàng Thương mại Cổ phần Bắc Á - Chi nhánh Tỉnh Thái Nguyên
A1064: 20 | B1064: 20201001 | C1064: Ngân hàng Thương mại Cổ phần Công thương Việt Nam - Chi nhánh Tỉnh Lạng Sơn
A1065: 20 | B1065: 20202001 | C1065: Ngân hàng TMCP Đầu tư và Phát triển Việt Nam - Chi nhánh Tỉnh Lạng Sơn
A1066: 20 | B1066: 20202002 | C1066: Ngân hàng TMCP Đầu tư và Phát triển Việt Nam - Chi nhánh Đồng Đăng
A1067: 20 | B1067: 20203001 | C1067: Ngân hàng Thương mại Cổ phần Ngoại thương Việt Nam - Chi nhánh Tỉnh Lạng Sơn
A1068: 20 | B1068: 20204001 | C1068: Ngân hàng Nông nghiệp và Phát triển Nông thôn Việt Nam - Chi nhánh Tỉnh Lạng Sơn
A1069: 20 | B1069: 20204002 | C1069: Ngân hàng Nông nghiệp và Phát triển Nông thôn Việt Nam - Chi nhánh Huyện Văn Lãng
A1070: 20 | B1070: 20204003 | C1070: Ngân hàng Nông nghiệp và Phát triển Nông thôn Việt Nam - Chi nhánh Huyện Tràng Định
A1071: 20 | B1071: 20204004 | C1071: Ngân hàng Nông nghiệp và Phát triển Nông thôn Việt Nam - Chi nhánh Huyện Hữu Lũng
A1072: 20 | B1072: 20204005 | C1072: Ngân hàng Nông nghiệp và Phát triển Nông thôn Việt Nam - Chi nhánh Đồng Đăng
A1073: 20 | B1073: 20204006 | C1073: Ngân hàng Nông nghiệp và Phát triển Nông thôn Việt Nam - Chi nhánh Thành phố Lạng Sơn
A1074: 20 | B1074: 20208001 | C1074: Ngân hàng Phát triển Việt Nam - Chi nhánh Tỉnh Lạng Sơn
A1075: 20 | B1075: 20302001 | C1075: Ngân hàng TMCP Hàng Hải Việt Nam- Chi nhánh Lạng Sơn
A1076: 20 | B1076: 20303001 | C1076: Ngân hàng Thương mại Cổ phần Sài Gòn Thương Tín - Chi nhánh Tỉnh Lạng Sơn
... A1108: 20 | B1108: 20701014 | C1108: Phòng Giao dịch số 16 - Kho bạc Nhà nước Khu vực VI
A1109: 22 | B1109: 22501001 | C1109: Ngân hàng TNHH một thành viên Public Việt Nam - Chi nhánh Quảng Ninh
A1110: 22 | B1110: 22201001 | C1110: Ngân hàng Thương mại Cổ phần Công thương Việt Nam - Chi nhánh Tỉnh Quảng Ninh
A1111: 22 | B1111: 22201002 | C1111: Ngân hàng Thương mại Cổ phần Công thương Việt Nam - Chi nhánh Cẩm Phả
...
